id_unico,año,fuente,disciplina,forma,numero_en_fuente,es_piloto,pagina_pdf,enunciado_pregunta,tiene_imagen_enunciado,imagen_enunciado,imagen_pregunta_completa,alternativa_a_texto,alternativa_a_imagen,alternativa_b_texto,alternativa_b_imagen,alternativa_c_texto,alternativa_c_imagen,alternativa_d_texto,alternativa_d_imagen,alternativa_correcta
PAES_2024_M1_Q01,2024,PAES Regular 2024 (Admisión 2024),Matemática 1 (M1),113,1,False,3,¿Cuál es el resultado de 3- (-1)(-1- 5)?,False,,assets/images/2024/PAES_2024_M1_Q01_completa.png,-1,,-3,,-12,,-24,,B
PAES_2024_M1_Q02,2024,PAES Regular 2024 (Admisión 2024),Matemática 1 (M1),113,2,False,3,"Un diario tiene una colilla recortable para un concurso, la que se presenta a continuación: CUADRADO MÁGICO Manda el resultado correcto de 1 ♥ ♪ ♥ + ☻ + ♪ 3 2 a la casilla postal de este diario para entrar al 3 ☻ concurso de una bicicleta 1 Resultado Cada fila, cada columna y cada diagonal Nombre deben contener los números 1, 2, 3 y 4 sin que se repitan. Número contacto ¿Cuál es el resultado que permite entrar al concurso?",True,assets/images/2024/PAES_2024_M1_Q02_enunciado.png,assets/images/2024/PAES_2024_M1_Q02_completa.png,6,,7,,8,,9,,C
PAES_2024_M1_Q03,2024,PAES Regular 2024 (Admisión 2024),Matemática 1 (M1),113,3,False,4,"Si al quíntuplo de -10 se le resta el triple de -12, ¿qué número se obtiene?",False,,assets/images/2024/PAES_2024_M1_Q03_completa.png,-86,,-14,,2,,34,,B
PAES_2024_M1_Q04,2024,PAES Regular 2024 (Admisión 2024),Matemática 1 (M1),113,4,False,4,¿En cuál de las siguientes opciones se representa la frase “el doble de la tercera parte de la diferencia entre 8 y 6”? 1,False,,assets/images/2024/PAES_2024_M1_Q04_completa.png,2 · ·8 - 6 3 1,,2 · 1 · (8 - 6) 3,,2·3·8 - 6,,2·3·(8 - 6),,B
PAES_2024_M1_Q05,2024,PAES Regular 2024 (Admisión 2024),Matemática 1 (M1),113,5,False,5,En la siguiente tabla se presentan las fechas de algunos hechos históricos: Hecho histórico Año Construcción de la Gran Pirámide de Guiza 2570 a.C. Nacimiento de Cleopatra 69 a.C. ¿Cuántos años pasaron desde el año de la construcción de la Gran Pirámide de Guiza hasta el año del nacimiento de Cleopatra?,True,assets/images/2024/PAES_2024_M1_Q05_enunciado.png,assets/images/2024/PAES_2024_M1_Q05_completa.png,2640,,2639,,2501,,2499,,C
PAES_2024_M1_Q06,2024,PAES Regular 2024 (Admisión 2024),Matemática 1 (M1),113,6,False,6,"Un juego consiste en lanzar un dardo a un tablero como el de la figura adjunta. C B A Se obtienen 10 puntos si el dardo cae en el sector A, 5 puntos si cae en el sector B y ningún punto si cae en el sector C. En la tabla adjunta se presenta la cantidad de aciertos en cada sector de tres tiradores en los 10 lanzamientos que cada uno realizó. Sectores A B C Pedro 4 2 4 Sandra 3 5 2 Roberta 2 8 0 ¿Cuál tirador obtuvo el mayor puntaje y cuál obtuvo el menor puntaje, respectivamente?",True,assets/images/2024/PAES_2024_M1_Q06_enunciado.png,assets/images/2024/PAES_2024_M1_Q06_completa.png,Roberta y Sandra,,Roberta y Pedro,,Sandra y Roberta,,Pedro y Sandra,,B
PAES_2024_M1_Q07,2024,PAES Regular 2024 (Admisión 2024),Matemática 1 (M1),113,7,False,7,"Una persona realiza un viaje al exterior y lleva consigo su tarjeta de débito, la que funciona fuera del país. En su tarjeta tiene un saldo inicial de $300000 y decide hacer algunas actividades turísticas, por lo que realizó los siguientes movimientos en su tarjeta: · Un pago de $15000 para pagar la entrada a una obra de teatro. · Un pago de $35000 para pagar el ingreso al parque de diversiones y algo de comida dentro del parque. Si por cada pago que realiza con su tarjeta el banco le cobra una comisión de $2000 independientemente del monto, ¿cuál es su saldo final luego de realizados los pagos de ese día?",False,,assets/images/2024/PAES_2024_M1_Q07_completa.png,$254000,,$244000,,$248000,,$246000,,D
PAES_2024_M1_Q08,2024,PAES Regular 2024 (Admisión 2024),Matemática 1 (M1),113,8,False,8,"Un colegio de enseñanza media tiene 180 estudiantes en total y un sexto de ellos pertenece al segundo medio B. El día en que el segundo medio B realizó la elección de su directiva, faltó la décima parte de los estudiantes de dicho curso. Quienes asistieron votaron entre Fernando y Josefina para la presidencia. 1 Si de los estudiantes votaron por Josefina y no hubo votos nulos ni blancos, 3 ¿cuántos estudiantes votaron por Fernando?",False,,assets/images/2024/PAES_2024_M1_Q08_completa.png,20,,18,,2,,1,,B
PAES_2024_M1_Q09,2024,PAES Regular 2024 (Admisión 2024),Matemática 1 (M1),113,9,False,9,"En la figura se presenta un cartel con los precios de las impresiones en blanco y negro de un centro de impresión. Un curso de Química Orgánica requiere de un libro de tres capítulos de 150, 130 y 85 hojas, en ese orden. Una persona imprimió primero solo el primer capítulo, luego solo el segundo y por último solo el tercero, a medida que avanzaba en el curso. ¿Cuánto dinero gastó la persona en imprimir el libro?",True,assets/images/2024/PAES_2024_M1_Q09_enunciado.png,assets/images/2024/PAES_2024_M1_Q09_completa.png,$7300,,$8150,,$8800,,$9450,,C
PAES_2024_M1_Q10,2024,PAES Regular 2024 (Admisión 2024),Matemática 1 (M1),113,10,False,10,"Considera la siguiente secuencia de figuras, formadas por cuadrados y triángulos, que se va formando con palitos de fósforo. ¿Cuál es la cantidad de palitos que se utilizan en la figura 25?",True,assets/images/2024/PAES_2024_M1_Q10_enunciado.png,assets/images/2024/PAES_2024_M1_Q10_completa.png,7·25,,5·25 + 2,,3·25 + 4,,2·25,,B
PAES_2024_M1_Q11,2024,PAES Regular 2024 (Admisión 2024),Matemática 1 (M1),113,11,False,11,¿Cuál de las siguientes expresiones representa el 20 % del 20 % del 20 % de un número P?,False,,assets/images/2024/PAES_2024_M1_Q11_completa.png,"0,8 % de P",,8000 % de P,,"0,6 % de P",,60 % de P,,A
PAES_2024_M1_Q12,2024,PAES Regular 2024 (Admisión 2024),Matemática 1 (M1),113,12,False,11,¿A qué porcentaje corresponde 25 de 125?,False,,assets/images/2024/PAES_2024_M1_Q12_completa.png,A un 5 %,,A un 20 %,,A un 25 %,,A un 500 %,,B
PAES_2024_M1_Q13,2024,PAES Regular 2024 (Admisión 2024),Matemática 1 (M1),113,13,False,12,"Helena va en segundo básico de un colegio de 1000 estudiantes, de los cuales el 10 % participa en el taller de patinaje. De este taller, el 10 % compite en un torneo y Helena es una de las competidoras. ¿Cuál de los siguientes argumentos es válido?",False,,assets/images/2024/PAES_2024_M1_Q13_completa.png,"90 estudiantes del taller no compiten, porque solo 10 estudiantes son del curso de Helena.",,"Helena es parte del 1% del colegio que compite, porque el 99 % restante no practica patinaje.",,"10 estudiantes compiten en el torneo, porque son el 10 % del total de 100 estudiantes que participan en el taller de patinaje.",,"El 90 % del estudiantado del colegio no practica patinaje, porque no son parte del 10 % que compite en el torneo.",,C
PAES_2024_M1_Q14,2024,PAES Regular 2024 (Admisión 2024),Matemática 1 (M1),113,14,False,13,Una persona recibirá un bono del 20 % de su sueldo mensual por los próximos 6 meses por ser parte de un equipo que cumplió las metas de productividad. La persona calcula que su sueldo mensual normal equivale a recibir $28000 por cada jornada de trabajo. ¿Cuánto dinero tendría que recibir por jornada de trabajo para que este equivalga al nuevo sueldo con bono?,False,,assets/images/2024/PAES_2024_M1_Q14_completa.png,$33600,,$29400,,$28560,,$28020,,A
PAES_2024_M1_Q15,2024,PAES Regular 2024 (Admisión 2024),Matemática 1 (M1),113,15,False,13,"Un comerciante compra planchas de volcanita a $6000 cada una y las vende para obtener un 75 % de ganancia. Luego de un tiempo, decide rebajar el precio de venta de cada plancha de volcanita en un 25 %, obteniendo un nuevo precio de venta. ¿Cuál es el nuevo precio de venta de cada plancha de volcanita?",False,,assets/images/2024/PAES_2024_M1_Q15_completa.png,$7125,,$7875,,$9000,,$9375,,B
PAES_2024_M1_Q16,2024,PAES Regular 2024 (Admisión 2024),Matemática 1 (M1),113,16,False,14,Un hotel tiene 200 habitaciones y para un fin de semana largo tiene reservadas 140 habitaciones. ¿Cuál es el porcentaje de habitaciones que aún están disponibles ese fin de semana?,False,,assets/images/2024/PAES_2024_M1_Q16_completa.png,30 %,,43%,,60 %,,70 %,,A
PAES_2024_M1_Q17,2024,PAES Regular 2024 (Admisión 2024),Matemática 1 (M1),113,17,False,14,2 1 ¿Cuál es el valor de 14 +? -2 5 195,False,,assets/images/2024/PAES_2024_M1_Q17_completa.png,25 4899,,25,,221,,171,,C
PAES_2024_M1_Q18,2024,PAES Regular 2024 (Admisión 2024),Matemática 1 (M1),113,18,False,15,¿Cuál de las siguientes opciones representa al número (888)2? 6 2,False,,assets/images/2024/PAES_2024_M1_Q18_completa.png,26 ·1112 6,,26 ·111 5 2,,25 ·1112 5,,25 ·111,,A
PAES_2024_M1_Q19,2024,PAES Regular 2024 (Admisión 2024),Matemática 1 (M1),113,19,False,15,"Considera el número mtp de tres dígitos, tal que m es el de la centena, t es el de la decena y p es el de la unidad. ¿Cuál de las siguientes expresiones representa a este número? 2 1 0",False,,assets/images/2024/PAES_2024_M1_Q19_completa.png,m ·102 · t ·101 · p ·100 3 2 1,,m ·103 · t ·102 · p ·101 3 2 1,,m ·103 + t ·102 + p ·101 2 1 0,,m ·102 + t ·101 + p ·100,,D
PAES_2024_M1_Q20,2024,PAES Regular 2024 (Admisión 2024),Matemática 1 (M1),113,20,False,16,2 · 26 ¿Cuál es el valor de? 2 1 - 6,False,,assets/images/2024/PAES_2024_M1_Q20_completa.png,2- 6 9,,22 5,,22 1,,2,,C
PAES_2024_M1_Q21,2024,PAES Regular 2024 (Admisión 2024),Matemática 1 (M1),113,21,False,17,()() ¿Cuál es el valor de 5 +1 5 -1?,False,,assets/images/2024/PAES_2024_M1_Q21_completa.png,2,,4,,6,,2 5,,B
PAES_2024_M1_Q22,2024,PAES Regular 2024 (Admisión 2024),Matemática 1 (M1),113,22,False,17,"La cantidad de bacterias de cierto cultivo aumenta en un 20 % cada 40 minutos. Si la cantidad inicial era 250 bacterias, ¿en cuánto aumentó la cantidad de bacterias transcurridas dos horas?",False,,assets/images/2024/PAES_2024_M1_Q22_completa.png,6,,60,,182,,250,,C
PAES_2024_M1_Q23,2024,PAES Regular 2024 (Admisión 2024),Matemática 1 (M1),113,23,False,18,"Los antiguos dispositivos de almacenamiento de datos tenían una capacidad máxima de 1 megabyte y, actualmente, existen dispositivos que almacenan 1 terabyte. 12 Si un terabyte equivale a 10 bytes y un megabyte equivale a 1000000 bytes, ¿cuántas veces cabe el almacenamiento de un dispositivo antiguo en un dispositivo actual? 2",False,,assets/images/2024/PAES_2024_M1_Q23_completa.png,102 5,,105 6,,106 12,,1012,,C
PAES_2024_M1_Q24,2024,PAES Regular 2024 (Admisión 2024),Matemática 1 (M1),113,24,False,18,()2 ¿Cuál de las siguientes expresiones es igual a 2x - 3? 2,False,,assets/images/2024/PAES_2024_M1_Q24_completa.png,2x2 -12x + 9 2,,4x2 - 6x - 9 2,,4x2 -12x + 9 2,,4x2 - 9,,C
PAES_2024_M1_Q25,2024,PAES Regular 2024 (Admisión 2024),Matemática 1 (M1),113,25,False,19,"() (2) A continuación se realiza la multiplicación 3x + 4 · x - 6x + 5, en la cual se comete un error. Paso 1: se aplica distributividad, obteniéndose: () () 2 2 3x · x - 6x + 5 + 4 · x - 6x + 5 Paso 2: se desarrollan las multiplicaciones, obteniéndose: () () 2 2 3x -18x +15 + 4x - 24x + 20 Paso 3: se ordena la expresión por términos semejantes, obteniéndose: 2 2 3x + 4x -18x - 24x +15 + 20 Paso 4: se suman los términos semejantes, obteniéndose: 2 7x - 42x + 35 ¿En cuál de los pasos se cometió el error?",False,,assets/images/2024/PAES_2024_M1_Q25_completa.png,En el Paso 1,,En el Paso 2,,En el Paso 3,,En el Paso 4,,B
PAES_2024_M1_Q26,2024,PAES Regular 2024 (Admisión 2024),Matemática 1 (M1),113,26,False,20,"¿Cuál de las siguientes expresiones representa a “el doble del cubo de un número x, disminuido en un tercio del mismo número”? x ()3",False,,assets/images/2024/PAES_2024_M1_Q26_completa.png,(2x)3 - x 3 1 3,,2x3 - 1 3 (1(3,,2| (x3 - 1 ÷ () 3) x 3,,2x3 - x 3,,D
PAES_2024_M1_Q27,2024,PAES Regular 2024 (Admisión 2024),Matemática 1 (M1),113,27,True,20,()2 ¿Cuál de las siguientes expresiones es igual a -y - 2 y - 2?,False,,assets/images/2024/PAES_2024_M1_Q27_completa.png,-3y - 4 2,,-2y2 - y - 4 2,,-2y2 - y + 8 2,,-2y2 + 7y - 8,,D
PAES_2024_M1_Q28,2024,PAES Regular 2024 (Admisión 2024),Matemática 1 (M1),113,28,False,21,"Una receta indica usar 325 gramos de harina, entre otros ingredientes, para hacer 20 galletas. Si se sigue esa receta, ¿cuál de las siguientes fórmulas permite determinar la cantidad de gramos de harina que se necesitan para hacer n galletas? 325",False,,assets/images/2024/PAES_2024_M1_Q28_completa.png,325 · n 20,,325 ·n,,325 + n 20,,20 · n 325,,A
PAES_2024_M1_Q29,2024,PAES Regular 2024 (Admisión 2024),Matemática 1 (M1),113,29,False,22,"En una tienda de perfumería empacan jabones en cajas. En la figura adjunta se representa la relación entre la cantidad de jabones y la cantidad de cajas que se necesitan para empacar dicha cantidad de jabones. Si esta relación se puede modelar mediante la función f definida por f(x) = 20 · x, ¿qué representa el número 20?",True,assets/images/2024/PAES_2024_M1_Q29_enunciado.png,assets/images/2024/PAES_2024_M1_Q29_completa.png,La constante de proporcionalidad directa.,,La constante de proporcionalidad inversa.,,La cantidad total de jabones.,,La cantidad total de cajas.,,A
PAES_2024_M1_Q30,2024,PAES Regular 2024 (Admisión 2024),Matemática 1 (M1),113,30,False,23,Carmen tiene 13 lápices más que Ariel y entre las dos tienen a lo más 49 lápices. ¿Cuál es la máxima cantidad de lápices que puede tener Ariel?,False,,assets/images/2024/PAES_2024_M1_Q30_completa.png,17,,18,,30,,31,,B
PAES_2024_M1_Q31,2024,PAES Regular 2024 (Admisión 2024),Matemática 1 (M1),113,31,False,24,"En una frutería se llenan cajas de dos tipos. Un tipo de caja, cuando está llena de fruta, pesa M kg y el otro tipo de caja, cuando está llena de fruta, pesa P kg. La capacidad del camión donde se llevarán las cajas no puede superar los 2100 kg. Se sabe que la cantidad de cajas de los dos tipos que se colocarán en el camión es la misma. ¿Cuál de las siguientes inecuaciones permite determinar la cantidad máxima de cajas x de cada tipo que se pueden colocar en el camión?",False,,assets/images/2024/PAES_2024_M1_Q31_completa.png,(M + P)· x ≤ 2100,,M + P + x ≤ 2100,,(M + P)· x < 2100,,(M + P)· 2x < 2100,,A
PAES_2024_M1_Q32,2024,PAES Regular 2024 (Admisión 2024),Matemática 1 (M1),113,32,False,25,"En una oficina de encomiendas se desea enviar cinco regalos idénticos y un frasco de medio kilogramo de miel. Para determinar la masa de estos regalos se colocan en una balanza dos regalos y el frasco de miel y en la otra balanza se colocan tres regalos, como se representa en la figura adjunta. La balanza de la izquierda marca menos que la balanza de la derecha. ¿Cuál de las siguientes afirmaciones es verdadera?",True,assets/images/2024/PAES_2024_M1_Q32_enunciado.png,assets/images/2024/PAES_2024_M1_Q32_completa.png,Cada regalo tiene una masa de 1 00 gramos.,,Cada regalo tiene una masa de 500 gramos.,,Cada regalo tiene una masa mayor que 500 gramos.,,Cada regalo tiene una masa menor que 500 gramos.,,C
PAES_2024_M1_Q33,2024,PAES Regular 2024 (Admisión 2024),Matemática 1 (M1),113,33,False,26,"En la tabla adjunta se indica la temperatura que alcanza cierto líquido en determinado tiempo, a partir de los 0 °C. Temperatura (°C) Tiempo (min) 100 8 50 4 Si la temperatura alcanzada por el líquido es directamente proporcional al tiempo que ha sido calentado, en ese orden, ¿cuál es la constante de proporcionalidad? 2",True,assets/images/2024/PAES_2024_M1_Q33_enunciado.png,assets/images/2024/PAES_2024_M1_Q33_completa.png,25 25,,2,,50,,400,,B
PAES_2024_M1_Q34,2024,PAES Regular 2024 (Admisión 2024),Matemática 1 (M1),113,34,True,27,"Raúl y Teresa arman bolsas de dulces distribuyendo en total 1000 dulces en 300 bolsas y cada uno arma bolsas distintas. Raúl pone tres dulces en cada una y Teresa pone cinco dulces en cada una. Si no sobra ningún dulce, ¿cuántas bolsas armó Raúl?",False,,assets/images/2024/PAES_2024_M1_Q34_completa.png,,,180,,,,50,,A
PAES_2024_M1_Q35,2024,PAES Regular 2024 (Admisión 2024),Matemática 1 (M1),113,35,False,27,"La fábrica de bicicletas “MTB” utiliza aluminio y titanio en la elaboración de dos de sus modelos llamados Sport y Cross Country. La cantidad de estos metales en kg, usados en cada modelo se presenta en la tabla adjunta. Modelo Sport Modelo Cross Country Aluminio (kg) 1 2 Titanio (kg) 3 1 Si la fábrica disponía de 100 kg de aluminio y 80 kg de titanio, y utilizó todo el material, ¿cuántas bicicletas del modelo Cross Country fabricó?",True,assets/images/2024/PAES_2024_M1_Q35_enunciado.png,assets/images/2024/PAES_2024_M1_Q35_completa.png,12,,24,,28,,44,,D
PAES_2024_M1_Q36,2024,PAES Regular 2024 (Admisión 2024),Matemática 1 (M1),113,36,True,28,"En la figura adjunta se presentan las medidas de tres segmentos con los que, para algún valor de x, se puede construir un triángulo rectángulo. (2x + 15) cm x cm (2x + 10) cm ¿Cuál de las siguientes ecuaciones permite calcular el valor de x? 2",True,assets/images/2024/PAES_2024_M1_Q36_enunciado.png,assets/images/2024/PAES_2024_M1_Q36_completa.png,x2 + 20x +125 = 0 2,,7x2 +100x + 325 = 0,,9x +100x + 325 = 0 2,,x - 20x -125 = 0,,D
PAES_2024_M1_Q37,2024,PAES Regular 2024 (Admisión 2024),Matemática 1 (M1),113,37,False,29,"Una compañía de teatro desea aumentar la cantidad de público en sus obras y para esto ofrece un plan mensual en el que hay que pagar un monto fijo de $9000 cada mes, más $1000 por cada entrada, valor que corresponde al 20 % del precio de una entrada sin contratar el plan. Si una persona contrató el plan mensual por 6 meses, ¿cuánto dinero ahorró si compró 18 entradas en esos 6 meses?",False,,assets/images/2024/PAES_2024_M1_Q37_completa.png,$60000,,$45000,,$18000,,$15000,,C
PAES_2024_M1_Q38,2024,PAES Regular 2024 (Admisión 2024),Matemática 1 (M1),113,38,True,30,"Una psicóloga considera la función f definida por f(x) = 30000x como su modelo de cobro por paciente, tal que x es la cantidad de sesiones que tuvo en un mes y () f x es el total mensual que cobra por ellas, en pesos. La psicóloga quiere hacer un ajuste a su modelo de cobro, considerando una tarifa fija inicial y una tarifa por sesión de manera que la primera sesión del mes tenga el mismo valor que en el modelo anterior, pero que el resto de las sesiones del mes tengan un valor de un 20 % más económico que en el modelo anterior. ¿Cuál de las siguientes funciones es el nuevo modelo de cobro de la psicóloga? ()",False,,assets/images/2024/PAES_2024_M1_Q38_completa.png,g(x) = 24000x (),,h(x) = 24000x + 6000 (),,p(x) =18000x +12000 (),,r(x) =12000x +18000,,B
PAES_2024_M1_Q39,2024,PAES Regular 2024 (Admisión 2024),Matemática 1 (M1),113,39,False,31,"En una empresa lechera, el costo, en pesos, de procesar x litros de leche se modela mediante la función f definida por f(x) = 300 x + 500. La empresa encontró una forma de reducir ese costo un 25 %. ¿Cuál de las siguientes funciones modela el nuevo costo, en pesos?",False,,assets/images/2024/PAES_2024_M1_Q39_completa.png,m(x) = 300x + 475,,g(x) = 225x + 500,,h(x) = 225x + 375,,p(x) = 75x + 475,,C
PAES_2024_M1_Q40,2024,PAES Regular 2024 (Admisión 2024),Matemática 1 (M1),113,40,False,31,"Considera la función f definida por f (n) =10 + 25n - 5n 2, tal que n es un número real. () () () () ¿Cuál es el valor de f 1 + f 2 + f 3 + f 4?",False,,assets/images/2024/PAES_2024_M1_Q40_completa.png,120,,140,,195,,440,,B
PAES_2024_M1_Q41,2024,PAES Regular 2024 (Admisión 2024),Matemática 1 (M1),113,41,False,32,"Una empresa está estudiando los efectos de cambiar su forma de producción a una nueva. Con ambas formas de producción, el costo por unidad de producir x unidades se modela a través de una función cuadrática. En el siguiente gráfico se representa el costo de producción por unidad de ambas formas de producción: Costo por unidad Forma de producción antigua Forma de producción nueva 100 Cantidad producida ¿Cuál de las siguientes afirmaciones es verdadera al comparar ambas formas de producción?",True,assets/images/2024/PAES_2024_M1_Q41_enunciado.png,assets/images/2024/PAES_2024_M1_Q41_completa.png,Siempre es más conveniente cambiar a la forma de producción nueva.,,El costo de producir cero productos es igual en ambas formas de producción.,,"Cuando se producen más de cien unidades, la forma de producción antigua genera un menor costo por unidad.",,El menor costo por unidad posible de la forma de producción antigua es menor que el menor costo por unidad posible de la forma de producción nueva.,,C
PAES_2024_M1_Q42,2024,PAES Regular 2024 (Admisión 2024),Matemática 1 (M1),113,42,False,33,"La altura que alcanza el salto de un tipo de grillo puede representarse por medio de la siguiente parábola: Altura (cm) 40 30 20 10 0,5 1 1,5 2 Tiempo (s) ¿Cuál de las siguientes afirmaciones se puede deducir del gráfico?",True,assets/images/2024/PAES_2024_M1_Q42_enunciado.png,assets/images/2024/PAES_2024_M1_Q42_completa.png,"En 0,75 s, el grillo está a 30 cm de altura.",,"En 1 s, el grillo alcanza su mayor altura.",,"Solo a los 1,5 s, el grillo alcanza una altura de 30 cm.",,"A los 3 s, el grillo está bajo tierra.",,B
PAES_2024_M1_Q43,2024,PAES Regular 2024 (Admisión 2024),Matemática 1 (M1),113,43,False,34,"Una empresa necesita realizar un logo compuesto por una letra N y una letra X, con 50 metros lineales de acero. Las dimensiones de las letras se presentan a continuación: ¿Cuántos logos se pueden construir con las medidas anteriores?",True,assets/images/2024/PAES_2024_M1_Q43_enunciado.png,assets/images/2024/PAES_2024_M1_Q43_completa.png,8,,4,,2,,1,,C
PAES_2024_M1_Q44,2024,PAES Regular 2024 (Admisión 2024),Matemática 1 (M1),113,44,False,35,"Una fábrica hace sillas de escritorio de distinto tamaño, las cuales se pueden reclinar hasta en un ángulo de 1 3 5 °, tal como se representa en la figura adjunta. Para cualquier tamaño de silla, ¿cuál de las siguientes fórmulas permite determinar la distancia entre A y B (D A B) A O B de manera que el respaldo quede perpendicular al asiento?",True,assets/images/2024/PAES_2024_M1_Q44_enunciado.png,assets/images/2024/PAES_2024_M1_Q44_completa.png,D A B = A O + B O,,D A B = A O 2 + B O 2 2,,D A B = 2 A O 2 2,,D A B = 2 A O 2 - B O,,B
PAES_2024_M1_Q45,2024,PAES Regular 2024 (Admisión 2024),Matemática 1 (M1),113,45,False,36,"En una tienda tienen distintos tamaños de cajas de regalo de forma cúbica, las que tienen en la cara superior una cinta pegada en su diagonal (de vértice a vértice). Algunas de estas cajas se representan en la figura adjunta. Si la altura de cada caja se representa por h cm, ¿cuál de las siguientes expresiones permite determinar el largo, en cm, de la cinta a usar en cada caja?",True,assets/images/2024/PAES_2024_M1_Q45_enunciado.png,assets/images/2024/PAES_2024_M1_Q45_completa.png,h 2,,2 h,,2h 2,,2h2,,A
PAES_2024_M1_Q46,2024,PAES Regular 2024 (Admisión 2024),Matemática 1 (M1),113,46,False,37,"Se tiene una circunferencia P de radio 3 cm. Si el área de una circunferencia Q es un cuarto del área de P, ¿cuál es el radio de Q? 3",False,,assets/images/2024/PAES_2024_M1_Q46_completa.png,cm 4,,6 cm 3,,cm 2,,12 cm,,C
PAES_2024_M1_Q47,2024,PAES Regular 2024 (Admisión 2024),Matemática 1 (M1),113,47,True,38,"Una profesora dejó como tarea hacer un vaso milimetrado de capacidad máxima 3 600 cm, sellando cualquier tubo con forma cilíndrica en su parte inferior, no importando la medida del radio, como se representa en la siguiente figura: Si la profesora dijo que consideren π aproximado a 3 y Axel realizará el trabajo con un tubo con forma cilíndrica de 4 cm de radio, ¿cuánto debe medir de altura el vaso milimetrado de Axel?",True,assets/images/2024/PAES_2024_M1_Q47_enunciado.png,assets/images/2024/PAES_2024_M1_Q47_completa.png,5 cm,,"12,5 cm",,25 cm,,"37,5 cm",,B
PAES_2024_M1_Q48,2024,PAES Regular 2024 (Admisión 2024),Matemática 1 (M1),113,48,False,39,"En la siguiente figura se presentan las medidas, en metros,de las aristas deun edificio con forma de paralelepípedo recto, en términos de x, sin considerar subterráneo ni balcones. 2x 2x 3 2 x ¿Cuál es el área del edificio, considerando solo las superficies laterales y el techo, en metros cuadrados? 2",True,assets/images/2024/PAES_2024_M1_Q48_enunciado.png,assets/images/2024/PAES_2024_M1_Q48_completa.png,32x2 2,,36x2 2,,68x2 2,,512x2,,C
PAES_2024_M1_Q49,2024,PAES Regular 2024 (Admisión 2024),Matemática 1 (M1),113,49,False,40,"() () Considera los vectores en el plano cartesiano F = 2, -1, F = -3, 2, 1 2 F = (a,b) y F = (4,3). 3 4 Si F + F + F + F = (6, 5), ¿cuál es el valor de a y b respectivamente? 1 2 3 4",True,assets/images/2024/PAES_2024_M1_Q49_enunciado.png,assets/images/2024/PAES_2024_M1_Q49_completa.png,3 y 4,,3 y 9,,3 y 1,,4 y 4,,C
PAES_2024_M1_Q50,2024,PAES Regular 2024 (Admisión 2024),Matemática 1 (M1),113,50,False,41,"En la figura adjunta se presentan los puntos A(1,1), B (4, 2) y C (5, -1), y los √ √ √ vectores u, v y w. Y B √ u A √ √ w v X C ¿Cuál de las siguientes condiciones permite asegurar que el triángulo A B C es rectángulo? √ √ √",True,assets/images/2024/PAES_2024_M1_Q50_enunciado.png,assets/images/2024/PAES_2024_M1_Q50_completa.png,Que el vector w√ es la suma de los vectores u√ y v√.,,Que el perímetro del triángulo ABC es igual a 20 + 2 10. √ √,,Que los módulos de los vectores u√ y v√ son iguales. AB· BC,,Que el área del triángulo ABC es igual a AB· BC. 2,,D
PAES_2024_M1_Q51,2024,PAES Regular 2024 (Admisión 2024),Matemática 1 (M1),113,51,False,42,"Considera un punto A, tal que este es cualquier punto que se ubica en el primer o tercer cuadrante, de tal manera que al reflejarlo respecto al eje Y se obtiene el punto B. Si x es la distancia del punto A al eje Y, ¿cuál de las siguientes expresiones permite determinar la distancia entre los puntos A y B?",False,,assets/images/2024/PAES_2024_M1_Q51_completa.png,2x 2,,x,,2x,,3x,,C
PAES_2024_M1_Q52,2024,PAES Regular 2024 (Admisión 2024),Matemática 1 (M1),113,52,False,42,"Una persona lleva a cabo los siguientes pasos para realizar cuatro () transformaciones isométricas consecutivas al punto -5, 5, cometiendo un error. () () Paso 1: el punto -5, 5 se traslada según el vector 5,-2, obteniendo el punto () 0, 7. () Paso 2: el punto 0, 7 se rota en 90° con centro en el origen del plano cartesiano () y en sentido horario, obteniendo el punto 7, 0. () Paso 3: el punto 7, 0 se refleja con respecto al eje Y, obteniendo el punto () -7, 0. () Paso 4: el punto -7, 0 se refleja con respecto al eje X, obteniendo el punto () -7, 0. ¿En cuál de los pasos se cometió el error?",False,,assets/images/2024/PAES_2024_M1_Q52_completa.png,En el Paso 1,,En el Paso 2,,En el Paso 3,,En el Paso 4,,A
PAES_2024_M1_Q53,2024,PAES Regular 2024 (Admisión 2024),Matemática 1 (M1),113,53,False,43,"Para llegar a la casa de Diego, Juan desde su casa debe caminar 2 cuadras hacia el este y 5 cuadras hacia el sur. Luego, para llegar a la casa de Pedro, desde la casa de Diego, Juan debe caminar una cuadra hacia el este y una cuadra hacia el sur. Considera que todas las cuadras son del mismo tamaño. Se grafica en un plano cartesiano el recorrido realizado, considerando la casa de Juan en el punto de origen del plano cartesiano, como el que se representa en la figura adjunta. Norte (eje Y) Oeste Este (eje X) Sur En el gráfico realizado en el plano cartesiano, ¿cuál de los siguientes es el vector de traslación que permite trasladarse de la casa de Juan a la casa de Pedro?",True,assets/images/2024/PAES_2024_M1_Q53_enunciado.png,assets/images/2024/PAES_2024_M1_Q53_completa.png,"(-3, -6)",,"(-3, 6)",,"(3, -6)",,"(3, 6)",,C
PAES_2024_M1_Q54,2024,PAES Regular 2024 (Admisión 2024),Matemática 1 (M1),113,54,False,44,"En la oficina administrativa de una empresa se les preguntó, a las personas que allí trabajan, cuántas horas extraordinarias de trabajo habían realizado en el mes anterior, registrándose las respuestas en la tabla adjunta. Horas extraordinarias Frecuencia 1 5 2 3 3 2 ¿Cuál de los siguientes gráficos representa correctamente la información entregada en la tabla?",True,assets/images/2024/PAES_2024_M1_Q54_enunciado.png,assets/images/2024/PAES_2024_M1_Q54_completa.png,Frecuencia 3 2 1 0 2 3 5 Horas extraordinarias,assets/images/2024/PAES_2024_M1_Q54_alt_a.png,Frecuencia 5 3 2 0 1 2 3 Horas extraordinarias,assets/images/2024/PAES_2024_M1_Q54_alt_b.png,Frecuencia 6 5 0 1 2 3 Horas extraordinarias,assets/images/2024/PAES_2024_M1_Q54_alt_c.png,Frecuencia 5 3 2 0 1 2 3 Horas extraordinarias,assets/images/2024/PAES_2024_M1_Q54_alt_d.png,D
PAES_2024_M1_Q55,2024,PAES Regular 2024 (Admisión 2024),Matemática 1 (M1),113,55,False,45,"Una empresa realiza una investigación sobre los sueldos de las personas de las distintas áreas que esta empresa tiene, y agrupa la información en el siguiente histograma, en el que los sueldos están en millones de pesos. Frecuencia 7 5 2 1 [ 1, 2 [ [ 2,3 [ [ 3, 4 [ [ 4, 5 [ Sueldo de las personas de distintas áreas ¿Cuál de las siguientes tablas representa los sueldos de las personas de la empresa, en millones de pesos?",True,assets/images/2024/PAES_2024_M1_Q55_enunciado.png,assets/images/2024/PAES_2024_M1_Q55_completa.png,"Sueldos Frecuencia 1,5 7 2,5 12 3,5 14 4,5 15",assets/images/2024/PAES_2024_M1_Q55_alt_a.png,"Sueldos Frecuencia [1, 2[ 7 [2, 3[ 12 [3, 4[ 14 [4, 5[ 15",assets/images/2024/PAES_2024_M1_Q55_alt_b.png,"Sueldos Frecuencia [1, 2[ 7 [2, 3[ 5 [3, 4[ 2 [4, 5[ 1",assets/images/2024/PAES_2024_M1_Q55_alt_c.png,"Sueldos Frecuencia 1,5 7 2,5 5 3,5 2 4,5 1",assets/images/2024/PAES_2024_M1_Q55_alt_d.png,C
PAES_2024_M1_Q56,2024,PAES Regular 2024 (Admisión 2024),Matemática 1 (M1),113,56,False,46,"Considera el siguiente grupo de datos 12, 6, 14, 12 y 16. ¿Cuál de las siguientes afirmaciones es verdadera?",False,,assets/images/2024/PAES_2024_M1_Q56_completa.png,El rango del grupo de datos es 4.,,El promedio de los datos es 12.,,La mediana de los datos es 14.,,La moda de los datos es 16.,,B
PAES_2024_M1_Q57,2024,PAES Regular 2024 (Admisión 2024),Matemática 1 (M1),113,57,False,47,"En la siguiente tabla se presenta información sobre el total de unidades vendidas, por una persona, durante un periodo de cinco semanas, de cuatro productos distintos. Producto Cantidad de unidades vendidas 1 120 2 200 3 200 4 250 Una semana después, los productos 1 y 2 registraron ventas de 80 unidades cada uno, el producto 3 registró ventas de 100 unidades y el producto 4 registró ventas de 40 unidades. En consideración de estas seis semanas, ¿cuál producto registró un mayor promedio de ventas semanal?",True,assets/images/2024/PAES_2024_M1_Q57_enunciado.png,assets/images/2024/PAES_2024_M1_Q57_completa.png,El producto 1,,El producto 2,,El producto 3,,El producto 4,,C
PAES_2024_M1_Q58,2024,PAES Regular 2024 (Admisión 2024),Matemática 1 (M1),113,58,False,48,"En las tablas adjuntas se presentan las distribuciones de la edad, en años, de dos grupos de personas, A y B: Grupo A Grupo B Edad en años Frecuencia Edad en años Frecuencia 10 5 8 3 14 2 13 1 17 1 17 2 25 4 25 4 ¿Cuál de las siguientes afirmaciones es verdadera?",True,assets/images/2024/PAES_2024_M1_Q58_enunciado.png,assets/images/2024/PAES_2024_M1_Q58_completa.png,El rango de la edad en el grupo A es mayor que el rango de la edad en el grupo B.,,La moda de la edad del grupo A es 15 años menor que la del grupo B.,,La mediana de la edad del grupo A es mayor que la mediana de la edad del grupo B.,,El rango de la edad de ambos grupos es 25 años.,,B
PAES_2024_M1_Q59,2024,PAES Regular 2024 (Admisión 2024),Matemática 1 (M1),113,59,False,49,Se encuestó a doce familias respecto a la cantidad de familiares que tienen en el extranjero. En la tabla adjunta se registran los resultados obtenidos. Cantidad de familiares 4 1 1 0 3 2 2 3 0 1 1 6 en el extranjero ¿Cuál es el promedio de la cantidad de familiares en el extranjero que tienen estas familias?,True,assets/images/2024/PAES_2024_M1_Q59_enunciado.png,assets/images/2024/PAES_2024_M1_Q59_completa.png,1,,2,,"2,4",,3,,B
PAES_2024_M1_Q60,2024,PAES Regular 2024 (Admisión 2024),Matemática 1 (M1),113,60,False,50,Una municipalidad ofrece un subsidio para mejoramiento de infraestructura del hogar a todos los habitantes de la comuna que pertenecen al 60 % de menores ingresos de la población del país. ¿Cuál de las siguientes afirmaciones respecto del ingreso de una vecina de la comuna asegura que puede optar a este subsidio?,False,,assets/images/2024/PAES_2024_M1_Q60_completa.png,Que sea mayor que el percentil 20 de los ingresos de la población del país.,,Que sea menor que el percentil 40 de los ingresos de la población del país.,,Que sea igual que el percentil 50 de los ingresos de la población de la comuna.,,Que sea igual que el percentil 60 de los ingresos de la población de la comuna.,,B
PAES_2024_M1_Q61,2024,PAES Regular 2024 (Admisión 2024),Matemática 1 (M1),113,61,False,51,"En la figura adjunta se resumen las temperaturas del aire cerca de la superficie de cinco ciudades en cierto año. Adaptado de Plot temperature distribution as box plots for a defined set of cities, por Climate Change Service, 2020, (https://cds.climate.copernicus.eu/toolbox/doc/gallery/54_box_plots.html). ¿Cuál es la ciudad que tuvo la menor diferencia entre la temperatura máxima y mínima registrada, según la figura?",True,assets/images/2024/PAES_2024_M1_Q61_enunciado.png,assets/images/2024/PAES_2024_M1_Q61_completa.png,Tombuctú,,Reikiavik,,Calama,,La Habana,,D
PAES_2024_M1_Q62,2024,PAES Regular 2024 (Admisión 2024),Matemática 1 (M1),113,62,False,52,"Los siguientes datos corresponden a la masa de los tomates cosechados en un huerto de una escuela: 75 g, 77 g, 84 g, 98 g, 101 g, 116 g, 129 g, 132 g, 145 g, 152 g, 163 g y 176 g. ¿Cuál de los siguientes percentiles supera los 100 g?",False,,assets/images/2024/PAES_2024_M1_Q62_completa.png,10,,20,,30,,40,,D
PAES_2024_M1_Q63,2024,PAES Regular 2024 (Admisión 2024),Matemática 1 (M1),113,63,False,53,"Una caja contiene en total 5 fichas del mismo tipo numeradas correlativamente del 1 al 5 y otra caja contiene en total 5 fichas del mismo tipo numeradas correlativamente del 6 al 10. Si se selecciona una ficha al azar de cada caja, ¿cuál es la probabilidad de que la suma de los números de las fichas sea un número par? 1",False,,assets/images/2024/PAES_2024_M1_Q63_completa.png,12 1,,4 12,,25 4,,25,,C
PAES_2024_M1_Q64,2024,PAES Regular 2024 (Admisión 2024),Matemática 1 (M1),113,64,False,54,"A una reunión internacional asistirán personas que hablan francés, inglés y español. Se sabe que, del total de ellas, seis solo hablan francés, diez solo hablan inglés, tres personas hablan los tres idiomas y se encargarán de ser los traductores. Si se considera a x como la cantidad de personas que solo hablan español y no hay personas que hablen dos idiomas, ¿cuál de las siguientes expresiones permite calcular la probabilidad de que al elegir a una persona al azar esta hable español? x",False,,assets/images/2024/PAES_2024_M1_Q64_completa.png,19 + x 1,,x + 3 x + 3,,19 x + 3,,x +19,,D
PAES_2024_M1_Q65,2024,PAES Regular 2024 (Admisión 2024),Matemática 1 (M1),113,65,False,55,"Un curso vende una rifa para juntar dinero para un paseo. La rifa tiene 250 números distintos, todos con la misma probabilidad de ser sorteados. El profesor le dice a un estudiante, que compró números de la rifa, que tiene una 1 probabilidad de de ganarla. 50 ¿Cuántos números de la rifa compró ese estudiante?",False,,assets/images/2024/PAES_2024_M1_Q65_completa.png,1,,5,,50,,51,,B
PAES_2025_M1_Q02,2025,PAES Regular 2025 (Admisión 2025),Matemática 1 (M1),113,2,False,3,Considera la siguiente recta numérica: -1 0 1 () ¿Cuál de los siguientes procedimientos representa la operación -5+ -8 usando la recta numérica?,True,assets/images/2025/PAES_2025_M1_Q02_enunciado.png,assets/images/2025/PAES_2025_M1_Q02_completa.png,Ubicarse en el -5 y desplazarse 8 unidades a la izquierda.,,Ubicarse en el -5 y desplazarse 8 unidades a la derecha.,,Ubicarse en el -8 y desplazarse 5 unidades a la derecha.,,Ubicarse en el -8 y desplazarse 3 unidades a la derecha.,,A
PAES_2025_M1_Q03,2025,PAES Regular 2025 (Admisión 2025),Matemática 1 (M1),113,3,False,4,"(4 ()((5 ()(Para encontrar el resultado de | · 4 · 3 - 6 ÷: | · 12 - 2 · 4 ÷, se realiza el)5))3) siguiente procedimiento, cometiéndose un error. Paso 1: se resuelven las operaciones de los paréntesis internos, obteniéndose (4 ((5 (() | · -12 ÷: | · 40÷.)5))3) 48 200 Paso 2: se resuelven las multiplicaciones, obteniéndose -:. 5 3 48 3 Paso 3: se resuelve la división como - ·. 5 200 18 Paso 4: se resuelve la multiplicación, obteniéndose -. 125 ¿En cuál de los pasos se cometió el error?",False,,assets/images/2025/PAES_2025_M1_Q03_completa.png,En el Paso 1,,En el Paso 2,,En el Paso 3,,En el Paso 4,,A
PAES_2025_M1_Q04,2025,PAES Regular 2025 (Admisión 2025),Matemática 1 (M1),113,4,False,5,"Una persona necesita comprar 60 kg de alimento de cierta marca para sus perros. En una tienda para mascotas, ese alimento tiene los siguientes precios: · El saco de 20 kg se vende a $33500. · El saco de 15 kg se vende a $25000. · El saco de 12 kg se vende a $20000. · El saco de 5 kg se vende a $10000. Si la persona requiere priorizar en primer lugar el menor precio a pagar y luego la menor cantidad de sacos, ¿cuál de las siguientes opciones le conviene a la persona?",False,,assets/images/2025/PAES_2025_M1_Q04_completa.png,Comprar doce sacos de 5 kg.,,Comprar cinco sacos de 12 kg.,,Comprar cuatro sacos de 15 kg.,,Comprar tres sacos de 20 kg.,,C
PAES_2025_M1_Q06,2025,PAES Regular 2025 (Admisión 2025),Matemática 1 (M1),113,6,False,6,"Dos personas se juntan a realizar ejercicios, pero cada una tiene su propia rutina, las que se detallan a continuación: · La primera persona realiza ejercicios durante 2 minutos y luego se toma 30 segundos de descanso, repitiendo esta serie ocho veces. · La segunda persona realiza ejercicios durante 1 minuto y 30 segundos y luego se toma 15 segundos de descanso, repitiendo esta serie doce veces. Si las dos personas comienzan sus rutinas al mismo tiempo, ¿cuál de los siguientes argumentos garantiza que una de las personas termina la rutina antes que la otra?",False,,assets/images/2025/PAES_2025_M1_Q06_completa.png,Que la cantidad de repeticiones de las series de ambas personas es distinta.,,Que el tiempo de descanso de ambas personas es distinto.,,"Que la suma entre el tiempo de ejercicio, el descanso y las repeticiones de las series es distinta en cada persona.",,"Que la suma entre el tiempo de ejercicio y el descanso, multiplicada por las repeticiones de las series, es distinta en cada persona.",,D
PAES_2025_M1_Q07,2025,PAES Regular 2025 (Admisión 2025),Matemática 1 (M1),113,7,False,7,"Una persona recorrió en bicicleta una ruta de 30 km en 3 días. 1 3 El primer día recorrió de la ruta, el segundo día recorrió de lo que le faltaba 3 5 y el tercer día recorrió el resto. ¿Cuántos kilómetros recorrió el tercer día?",False,,assets/images/2025/PAES_2025_M1_Q07_completa.png,15,,10,,8,,2,,C
PAES_2025_M1_Q09,2025,PAES Regular 2025 (Admisión 2025),Matemática 1 (M1),113,9,False,8,"Para conocer el equivalente en centímetros de una distancia medida en millas, se utiliza el siguiente modelo: C =160934 · x, tal que x es la distancia en millas y C es el equivalente en centímetros. Si un kilómetro es equivalente a 100000 centímetros, ¿cuál de las siguientes igualdades representa la equivalencia en kilómetros k de una distancia de x millas? 100000 · x",False,,assets/images/2025/PAES_2025_M1_Q09_completa.png,k = 160934,,k =160934 · x ·100000 160934 · x,,k = 100000,,k =160934 · x -100000,,C
PAES_2025_M1_Q10,2025,PAES Regular 2025 (Admisión 2025),Matemática 1 (M1),113,10,False,9,"La regla de Naegele es un método que permite determinar la fecha probable de parto de una mujer, determinando el día, mes y año tal como se representa en el siguiente diagrama: Si la fecha de la última menstruación de una mujer embarazada fue el 19/04/2022, ¿cuál será la probable fecha de parto de esta mujer según la regla de Naegele?",True,assets/images/2025/PAES_2025_M1_Q10_enunciado.png,assets/images/2025/PAES_2025_M1_Q10_completa.png,26/01/2023,,19/01/2023,,12/01/2023,,16/01/2023,,A
PAES_2025_M1_Q11,2025,PAES Regular 2025 (Admisión 2025),Matemática 1 (M1),113,11,False,10,"Si 30 corresponde al 20 % de una cantidad, ¿cuál es dicha cantidad?",False,,assets/images/2025/PAES_2025_M1_Q11_completa.png,6,,50,,150,,600,,C
PAES_2025_M1_Q13,2025,PAES Regular 2025 (Admisión 2025),Matemática 1 (M1),113,13,False,10,"Si p aumentado en su 40 % es 150, ¿cuál de las siguientes expresiones corresponde a p?",False,,assets/images/2025/PAES_2025_M1_Q13_completa.png,150 - 40 100 ·150,,140 150,,140 40,,150 - 100,,B
PAES_2025_M1_Q15,2025,PAES Regular 2025 (Admisión 2025),Matemática 1 (M1),113,15,False,11,"En los departamentos de Administración y de Talleres de una empresa se necesitaba contratar a 150 personas entre ambos departamentos. Se presentaron 500 postulantes, según el detalle de la tabla adjunta. Departamento Postulantes Contratados Hombres 200 20 Administración Mujeres 50 5 Hombres 50 25 Talleres Mujeres 200 100 ¿Cuál de las siguientes afirmaciones es verdadera?",True,assets/images/2025/PAES_2025_M1_Q15_enunciado.png,assets/images/2025/PAES_2025_M1_Q15_completa.png,"Del total de los hombres que postularon, exactamente un 9 % fue contratado.",,En Administración se contrató al 20 % del total de quienes postularon a ese departamento.,,Exactamente un 5 % de las mujeres que fueron contratadas corresponden al departamento de Administración.,,En Talleres se contrató al 50 % de los hombres y al 50 % de las mujeres postulantes a ese departamento.,,D
PAES_2025_M1_Q17,2025,PAES Regular 2025 (Admisión 2025),Matemática 1 (M1),113,17,True,12,Una tienda ofrece un 20 % de descuento en el precio por la compra de cualquier camisa. Una persona quiere comprar tres camisas que tienen un valor de $30000 cada una sin descuento. ¿Cuál de las siguientes expresiones representa el valor total que pagará la persona? (20 (,False,,assets/images/2025/PAES_2025_M1_Q17_completa.png,$|3 · 30000 · ÷) 100) (80 (,,$|3 · 30000 · ÷) 100) (60 (,,$|3 · 30000 · ÷) 100) (40 (,,$|3 · 30000 · ÷) 100),,B
PAES_2025_M1_Q21,2025,PAES Regular 2025 (Admisión 2025),Matemática 1 (M1),113,21,False,12,2 ¿Cuál de los siguientes números es igual a? 2,False,,assets/images/2025/PAES_2025_M1_Q21_completa.png,2 2,,2,,2,,2 - 2,,C
PAES_2025_M1_Q23,2025,PAES Regular 2025 (Admisión 2025),Matemática 1 (M1),113,23,False,13,"En un estudio sobre cierto insecticida, se determinó que, después de cada 2 semana de uso, la cantidad de insectos disminuye a de la cantidad de 5 insectos que había al comienzo de dicha semana. Para acabar con una plaga de 1000 insectos, se utilizará este insecticida y cuando solo queden 64 individuos o menos, se requerirá de un día más para acabar con la plaga. Si se asume que los insectos no se reproducen durante el periodo de aplicación del insecticida, ¿cuántos días se necesitarán para acabar con la plaga?",False,,assets/images/2025/PAES_2025_M1_Q23_completa.png,21,,22,,42,,43,,B
PAES_2025_M1_Q24,2025,PAES Regular 2025 (Admisión 2025),Matemática 1 (M1),113,24,False,13,"() 2 Si x + 5 ·P = x - x -30, con x ≠ -5, ¿cuál de las siguientes expresiones es igual a P?",False,,assets/images/2025/PAES_2025_M1_Q24_completa.png,x -35 2,,x - 6,,x + 6,,x - 6,,D
PAES_2025_M1_Q25,2025,PAES Regular 2025 (Admisión 2025),Matemática 1 (M1),113,25,False,14,() ¿Cuál de las siguientes expresiones es igual a b - 3 b -1?,False,,assets/images/2025/PAES_2025_M1_Q25_completa.png,-2b + 3,,-2b -1,,-2b + 1,,-2b - 3,,A
PAES_2025_M1_Q26,2025,PAES Regular 2025 (Admisión 2025),Matemática 1 (M1),113,26,False,14,"Una persona compró 20 kg de naranjas en $16000 y 20 kg de manzanas en $18000. Si la cantidad de kilogramos de frutas y su precio se modelan por medio de una relación lineal, ¿cuál de las siguientes expresiones representa el precio total, en pesos, al comprar x kg de cada fruta? (16000 18000(",False,,assets/images/2025/PAES_2025_M1_Q26_completa.png,(16000 18000(A) | + ÷ · x) 20 20) (20 ·16000 20 ·18000(,,(20 ·16000 20 ·18000(B) | + ÷) x x),,16000 · x + 18000 · x (16000 +18000(,,(16000 +18000(D) | ÷) x),,A
PAES_2025_M1_Q27,2025,PAES Regular 2025 (Admisión 2025),Matemática 1 (M1),113,27,False,15,"Una persona va a comprar 18 yogures y el precio de cada uno es $M. Para ello lleva un monto de $P, el cual es suficiente para comprar. ¿Cuál de las siguientes expresiones corresponde al dinero que le sobra?",False,,assets/images/2025/PAES_2025_M1_Q27_completa.png,$ P -18 · M (18 · M(,,$| ÷) P),,$ P - M (P - 18(,,$| ÷) M),,A
PAES_2025_M1_Q28,2025,PAES Regular 2025 (Admisión 2025),Matemática 1 (M1),113,28,False,15,"Una persona mide la longitud de un objeto con una huincha, obteniendo que este mide 43,2 centímetros. Considera que 2 pulgadas son aproximadamente 5,1 centímetros, ¿cuál es la medida del objeto, en pulgadas?",False,,assets/images/2025/PAES_2025_M1_Q28_completa.png,2 pulgadas,,5 pulgadas,,17 pulgadas,,108 pulgadas,,C
PAES_2025_M1_Q29,2025,PAES Regular 2025 (Admisión 2025),Matemática 1 (M1),113,29,False,16,"Una persona quiere desinfectar un sector de juegos. Para ello utilizará un líquido desinfectante que trae la siguiente información en la etiqueta: Tabla de dilución líquido desinfectante Cantidad de Diluir en: desinfectante 5 mL un cuarto litro de agua 10 mL medio litro de agua 20 mL un litro de agua Si la persona usa una jeringa de 5 mL para añadir el desinfectante en un balde con cinco litros de agua, ¿cuántas veces tiene que vaciar el contenido de la jeringa llena en el agua?",True,assets/images/2025/PAES_2025_M1_Q29_enunciado.png,assets/images/2025/PAES_2025_M1_Q29_completa.png,5,,20,,25,,100,,B
PAES_2025_M1_Q31,2025,PAES Regular 2025 (Admisión 2025),Matemática 1 (M1),113,31,False,17,"Para una fiesta se compraron tres botellas de jugo del mismo precio y tres botellas de bebidas del mismo precio, gastándose en total $16770. Una botella de bebida es $390 más cara que una botella de jugo. ¿Cuál de las siguientes ecuaciones permite determinar el precio x de una botella de jugo, en pesos?",False,,assets/images/2025/PAES_2025_M1_Q31_completa.png,3x + 390 =16770,,6x + 390 =16770,,3x + 3 x + 390 =16770,,3x + 3 x - 390 =16770,,C
PAES_2025_M1_Q32,2025,PAES Regular 2025 (Admisión 2025),Matemática 1 (M1),113,32,False,18,"La figura adjunta corresponde a una representación del triángulo de Pascal. En esta representación, el número en cada casilla blanca corresponde a la suma de las dos casillas inmediatamente superiores. Ejemplo ¿Cuál de las siguientes expresiones representa a x en términos de p?",True,assets/images/2025/PAES_2025_M1_Q32_enunciado.png,assets/images/2025/PAES_2025_M1_Q32_completa.png,p -15,,p -10,,p + 10,,p + 15,,B
PAES_2025_M1_Q33,2025,PAES Regular 2025 (Admisión 2025),Matemática 1 (M1),113,33,False,19,"En un partido de básquetbol, un jugador tiene la posibilidad de hacer anotaciones que valen dos o tres puntos, dependiendo del lugar desde el que lanzó el balón al anotar. Un jugador marcó 37 puntos en el último partido haciendo cinco anotaciones de dos puntos y x anotaciones de tres puntos. ¿Cuál de las siguientes ecuaciones permite determinar la cantidad de anotaciones de tres puntos que hizo el jugador?",False,,assets/images/2025/PAES_2025_M1_Q33_completa.png,x + 5 = 37,,x +10 = 37,,3x + 5 = 37,,3x + 10 = 37,,D
PAES_2025_M1_Q34,2025,PAES Regular 2025 (Admisión 2025),Matemática 1 (M1),113,34,False,20,"Tomás y cuatro de sus amigos van a un parque de diversiones. El parque cobra una entrada a todos los asistentes y un gasto adicional por entrar a cierta atracción. Tomás decide pagar el total de estos gastos y luego cobrar a cada quien su parte. Escribe lo siguiente en el chat del grupo de amigos que fueron al parque. Si Tomás pagó un total de $31000 en su visita al parque, ¿cuál de las siguientes ecuaciones permite calcular el precio x que se pagó por cada entrada al parque?",True,assets/images/2025/PAES_2025_M1_Q34_enunciado.png,assets/images/2025/PAES_2025_M1_Q34_completa.png,4000 · 4 + 5x = 31000,,4000 · 4 + 3x = 31000,,4000 · 5 + 4x = 31000,,4000 · 5 + 5x = 31000,,A
PAES_2025_M1_Q35,2025,PAES Regular 2025 (Admisión 2025),Matemática 1 (M1),113,35,False,21,"La cantidad n de chirridos por minuto que emite un grillo se relaciona con la (n - 40(temperatura ambiental mediante la ecuación T = 10 + | ÷, tal que T es la) 7) temperatura ambiental en °C. ¿Cuántos chirridos por minuto emitirá un grillo si la temperatura ambiental es de 20 °C?",False,,assets/images/2025/PAES_2025_M1_Q35_completa.png,8,,30,,110,,170,,C
PAES_2025_M1_Q36,2025,PAES Regular 2025 (Admisión 2025),Matemática 1 (M1),113,36,False,21,"Una persona vende plantas por internet a $3500 cada una. Un mes necesita realizar ventas por un monto superior a $500000. A mediados del mes, ha vendido solo 40 plantas y teme que no alcance su meta de ventas, por lo que decide comenzar a vender las plantas a $4500 cada una por el resto del mes. ¿Cuál de las siguientes inecuaciones permite calcular la cantidad x de plantas que tiene que vender la segunda mitad del mes para alcanzar su meta?",False,,assets/images/2025/PAES_2025_M1_Q36_completa.png,40 ·3500x + 4500 < 500000,,40 ·3500x + 4500 > 500000,,40 ·3500 + 4500x < 500000,,40 ·3500 + 4500x > 500000,,D
PAES_2025_M1_Q38,2025,PAES Regular 2025 (Admisión 2025),Matemática 1 (M1),113,38,False,22,"Una empresa distribuye bidones de agua de 20 L por un valor de $2200 cada uno. Esta empresa tiene un plan en el que cobra una suscripción mensual de $2000, con lo cual el precio de cada uno de esos bidones comprados en el mes se reduce a $1800. Otra empresa tiene un servicio similar, pero cobra una suscripción mensual de $2500 para que el precio de cada bidón del mismo tipo se reduzca a $1600. Si una persona se suscribe a alguna de estas empresas, ¿cuál es la cantidad mínima de bidones que tiene que comprar para que le convenga económicamente la segunda empresa?",False,,assets/images/2025/PAES_2025_M1_Q38_completa.png,1,,2,,3,,4,,C
PAES_2025_M1_Q42,2025,PAES Regular 2025 (Admisión 2025),Matemática 1 (M1),113,42,False,23,"Considera la función cuadrática f, cuyo dominio es el conjunto de los números () 2 reales, definida por f x = ax + bx + c. Si los coeficientes b y c son cero, ¿cuál de los siguientes gráficos podría corresponder a la gráfica asociada a f?",False,,assets/images/2025/PAES_2025_M1_Q42_completa.png,Y X,assets/images/2025/PAES_2025_M1_Q42_alt_a.png,Y X,assets/images/2025/PAES_2025_M1_Q42_alt_b.png,Y X,assets/images/2025/PAES_2025_M1_Q42_alt_c.png,X,assets/images/2025/PAES_2025_M1_Q42_alt_d.png,B
PAES_2025_M1_Q44,2025,PAES Regular 2025 (Admisión 2025),Matemática 1 (M1),113,44,False,24,"Un estudiante debe rendir cuatro pruebas en un semestre, de las cuales ya tiene tres notas, estas son 5, 6 y 4. ¿Cuál de las siguientes expresiones permite determinar el promedio que tendría el estudiante con su cuarta nota x? 15 + x",False,,assets/images/2025/PAES_2025_M1_Q44_completa.png,4 15 + x,,2 5 + x,,2 15 + x,,3,,A
PAES_2025_M1_Q47,2025,PAES Regular 2025 (Admisión 2025),Matemática 1 (M1),113,47,False,25,"Los resultados de las elecciones del centro de estudiantes de un colegio estarán muy estrechos. Para tratar de predecir el resultado, se encuesta a algunos estudiantes por su intención de voto. En los gráficos adjuntos se presentan los resultados. Por quién votarán las mujeres Por quién votarán los hombres Frecuencia Ana Carlos 45 16 % 38 24 % 35 32 Juan 24 % Sofía 36 % Ana Juan Sofía Carlos Si la cantidad de hombres y mujeres que respondieron la encuesta es la misma, ¿cuál de las siguientes tablas presenta la intención de todos los votos?",True,assets/images/2025/PAES_2025_M1_Q47_enunciado.png,assets/images/2025/PAES_2025_M1_Q47_completa.png,Frecuencia Ana 61 Juan 62 Sofía 71 Carlos 56,assets/images/2025/PAES_2025_M1_Q47_alt_a.png,Frecuencia Ana 46 Juan 49 Sofía 59 Carlos 45,assets/images/2025/PAES_2025_M1_Q47_alt_b.png,Frecuencia Ana 69 Juan 143 Sofía 232 Carlos 300,assets/images/2025/PAES_2025_M1_Q47_alt_c.png,Frecuencia Ana 69 Juan 74 Sofía 89 Carlos 68,assets/images/2025/PAES_2025_M1_Q47_alt_d.png,D
PAES_2025_M1_Q48,2025,PAES Regular 2025 (Admisión 2025),Matemática 1 (M1),113,48,False,26,"Los números 68, x, 75, 80 y 70 tienen un promedio de 73. ¿Cuál es el valor de x?",False,,assets/images/2025/PAES_2025_M1_Q48_completa.png,"73,25",,73,,72,,"58,6",,C
PAES_2025_M1_Q49,2025,PAES Regular 2025 (Admisión 2025),Matemática 1 (M1),113,49,False,26,En la tabla adjunta se presenta la distribución de la cantidad de videojuegos que tiene un grupo de jóvenes de un colegio. Cantidad de videojuegos Frecuencia 1 10 2 8 3 5 4 5 5 8 6 10 ¿Cuál de los siguientes argumentos es verdadero?,True,assets/images/2025/PAES_2025_M1_Q49_enunciado.png,assets/images/2025/PAES_2025_M1_Q49_completa.png,"El promedio de la cantidad de videojuegos es 3,5, porque es el promedio de los datos centrales.",,"El rango de la cantidad de videojuegos es 5, porque la resta entre la frecuencia mayor y la frecuencia menor es 5.",,"El promedio de la cantidad de videojuegos es 3,5, porque es el promedio entre la mayor y la menor cantidad de videojuegos.",,"La moda de la cantidad de videojuegos es 1 y 6, porque son los dos datos que más se repiten.",,D
PAES_2025_M1_Q51,2025,PAES Regular 2025 (Admisión 2025),Matemática 1 (M1),113,51,False,27,"En una encuesta, las personas indicaron su preferencia de estilo musical, eligiendo solo una de entre las opciones rock, pop, rap y reguetón, obteniéndose las respuestas que se presentan en la siguiente tabla: Estilo Musical Frecuencia Rock 7 Pop 4 Rap 3 Reguetón 6 Si se selecciona al azar a una persona de las encuestadas, ¿cuál es la probabilidad de que prefiera el rock? 1",True,assets/images/2025/PAES_2025_M1_Q51_enunciado.png,assets/images/2025/PAES_2025_M1_Q51_completa.png,7 7,,13 13,,20 7,,20,,D
PAES_2025_M1_Q52,2025,PAES Regular 2025 (Admisión 2025),Matemática 1 (M1),113,52,False,28,"En la tabla adjunta se presentan los resultados obtenidos al consultar a un grupo de personas sobre la preferencia de estudiar una de las cuatro carreras profesionales propuestas, tal que cada persona escogió solo una carrera. Carrera profesional Frecuencia Ingeniería civil 900 Periodismo 300 Medicina 700 Enfermería 400 Si se escoge a una de estas personas al azar, ¿cuál de las siguientes expresiones permite determinar la probabilidad de que esta prefiera una carrera del área de la salud? Frecuenciamedicina+ Frecuenciaenfermería",True,assets/images/2025/PAES_2025_M1_Q52_enunciado.png,assets/images/2025/PAES_2025_M1_Q52_completa.png,Frecuenciamedicina+ Frecuenciaenfermería A) 1100 Frecuenciamedicina+ Frecuenciaenfermería,,Frecuenciamedicina+ Frecuenciaenfermería B) 2300 Frecuenciamedicina+ Frecuenciaenfermería,,Frecuenciamedicina+ Frecuenciaenfermería C) 1 - 2300 Frecuenciamedicina+ Frecuenciaenfermería,,Frecuenciamedicina+ Frecuenciaenfermería D) 1 - 1100,,B
PAES_2025_M1_Q53,2025,PAES Regular 2025 (Admisión 2025),Matemática 1 (M1),113,53,True,29,"Considera las siguientes cajas con sus respectivas bolitas grises y blancas. Caja 1 Caja 2 Caja 3 Caja 4 ¿En cuál de las cajas, al extraer al azar una bolita, la probabilidad de que sea gris es mayor que 0,5 y menor que 1?",True,assets/images/2025/PAES_2025_M1_Q53_enunciado.png,assets/images/2025/PAES_2025_M1_Q53_completa.png,En la Caja 1,,En la Caja 2,,En la Caja 3,,En la Caja 4,,D
PAES_2025_M1_Q54,2025,PAES Regular 2025 (Admisión 2025),Matemática 1 (M1),113,54,False,30,"En la tabla adjunta se presentan los resultados de una encuesta realizada a 50 personas sobre su fruta preferida. Fruta Cantidad de personas Uva 13 Pera 6 Manzana 12 Naranja 8 Frutilla 11 Si se elige a una de estas personas al azar, ¿cuál es la probabilidad de que la persona elegida tenga como fruta preferida la pera o la naranja? 1",True,assets/images/2025/PAES_2025_M1_Q54_enunciado.png,assets/images/2025/PAES_2025_M1_Q54_completa.png,14 7,,25 7,,24 1,,7,,B
PAES_2025_M1_Q55,2025,PAES Regular 2025 (Admisión 2025),Matemática 1 (M1),113,55,True,31,"El Fondo Nacional de Salud (Fonasa) es un tipo de previsión de salud, junto con las Isapres y otras instituciones. Las personas solo pueden tener un tipo de previsión y las que tienen Fonasa se categorizan en los tramos A, B, C y D, según su nivel socioeconómico. En los gráficos adjuntos se presenta la distribución de la población de acuerdo con los tipos de previsión y la distribución de la población con Fonasa en los distintos tramos en 2021. Adaptado de: Fonasa (2022). Cuenta Pública Participativa 2022. Si se escogía al azar a una persona de la población nacional en 2021, ¿cuál es la probabilidad de que hubiera estado clasificada en el tramo A de Fonasa?",True,assets/images/2025/PAES_2025_M1_Q55_enunciado.png,assets/images/2025/PAES_2025_M1_Q55_completa.png,"0,154",,"0,2",,"0,25",,"0,97",,A
PAES_2025_M1_Q57,2025,PAES Regular 2025 (Admisión 2025),Matemática 1 (M1),113,57,True,32,"Una empresa de repostería usa un diseño de bandejas desmontables de forma circular que se apilan una sobre otra para ir colocando diferentes dulces, tal como se representa en la figura adjunta. Primer piso Para determinar el diámetro de la bandeja que va ubicada en el piso k, la (k - 1 (empresa usa la expresión |1 - ÷ · p, tal que n representa la cantidad | ()÷ 2 n - 1)) de bandejas desmontables que se usarán y p es el diámetro de la bandeja del primer piso, en centímetros. La empresa tiene que preparar un diseño de cinco pisos tal que el diámetro de la bandeja del primer piso mida 40 cm. ¿Cuál será el área de la bandeja del tercer piso donde irán los dulces? 2",True,assets/images/2025/PAES_2025_M1_Q57_enunciado.png,assets/images/2025/PAES_2025_M1_Q57_completa.png,225π cm 2,,240π cm 2,,300π cm 2,,900π cm,,A
PAES_2025_M1_Q58,2025,PAES Regular 2025 (Admisión 2025),Matemática 1 (M1),113,58,False,33,"En el patio de un colegio hay dibujados cuatro círculos de perímetros 12π m, 10π m, 8π m y 4π m, que se desean pintar de un color diferente para una actividad extraescolar. Se necesita conocer el área total de estos cuatro círculos para estimar la cantidad de pintura a comprar. ¿Cuál es el área que se necesita conocer? 2 2",False,,assets/images/2025/PAES_2025_M1_Q58_completa.png,17 π m 2,,81π m 2,,34π m 2,,17π m,,B
PAES_2025_M1_Q59,2025,PAES Regular 2025 (Admisión 2025),Matemática 1 (M1),113,59,True,34,"Una piscina con forma de paralelepípedo recto, cuyas medidas son 8 m de ancho por 20 m de largo y una profundidad de 1,7 m, tiene agua hasta una marca ubicada 20 cm antes del borde superior. Para aplicar un producto limpiador, una persona desea conocer la cantidad de agua en la piscina. ¿Cuál es el volumen de agua contenido en la piscina? 3",False,,assets/images/2025/PAES_2025_M1_Q59_completa.png,240 m 3,,"265,2 m 3",,"269,28 m 3",,272 m,,A
PAES_2025_M1_Q60,2025,PAES Regular 2025 (Admisión 2025),Matemática 1 (M1),113,60,False,35,"Una maestranza produce piezas metálicas uniendo dos cilindros sólidos de la misma altura, tal como se representa en la siguiente figura: ¿Cuál es el volumen de material que se necesita para fabricar esta pieza? 3",True,assets/images/2025/PAES_2025_M1_Q60_enunciado.png,assets/images/2025/PAES_2025_M1_Q60_completa.png,5000π cm 3,,2500π cm 3,,1250π cm 3,,560π cm,,C
PAES_2025_M1_Q61,2025,PAES Regular 2025 (Admisión 2025),Matemática 1 (M1),113,61,False,36,"Considera un perfil rectangular de 6 m de largo hecho de aluminio de 4,8 mm de grosor, tal como el que se representa a continuación: ¿Por cuál de los siguientes números hay que multiplicar el largo del perfil, en mm, para obtener la cantidad de aluminio necesaria para confeccionar uno de 3 estos perfiles, en mm?",True,assets/images/2025/PAES_2025_M1_Q61_enunciado.png,assets/images/2025/PAES_2025_M1_Q61_completa.png,"101,6 · 50,8 - 101,6 - 4,8 50,8 - 4,8",,"101,6 · 50,8 - 101,6 - 4,8 50,8 - 2 · 4,8",,"101,6 · 50,8 - 101,6 - 2 · 4,8 50,8 - 4,8",,"101,6 · 50,8 - 101,6 - 2 · 4,8 50,8 - 2 · 4,8",,D
PAES_2025_M1_Q62,2025,PAES Regular 2025 (Admisión 2025),Matemática 1 (M1),113,62,False,37,En la siguiente imagen se representa una figura sobre una hoja de papel cuadriculado con dos posiciones marcadas: ¿Cuál de los siguientes movimientos se le debe aplicar a la figura en la posición 1 para que quede en la posición 2?,True,assets/images/2025/PAES_2025_M1_Q62_enunciado.png,assets/images/2025/PAES_2025_M1_Q62_completa.png,Trasladar la figura cuatro unidades a la izquierda y cuatro unidades hacia abajo.,,Trasladar la figura cuatro unidades a la izquierda y cinco unidades hacia abajo.,,Trasladar la figura tres unidades a la izquierda y tres unidades hacia abajo.,,Trasladar la figura cinco unidades a la izquierda y cuatro unidades hacia abajo.,,B
PAES_2025_M1_Q63,2025,PAES Regular 2025 (Admisión 2025),Matemática 1 (M1),113,63,False,38,Considera el siguiente dibujo de un velero en el agua: ¿En cuál de las siguientes opciones se representa el velero y su traslación en el agua?,True,assets/images/2025/PAES_2025_M1_Q63_enunciado.png,assets/images/2025/PAES_2025_M1_Q63_completa.png,,assets/images/2025/PAES_2025_M1_Q63_alt_a.png,,assets/images/2025/PAES_2025_M1_Q63_alt_b.png,,assets/images/2025/PAES_2025_M1_Q63_alt_c.png,,assets/images/2025/PAES_2025_M1_Q63_alt_d.png,C
PAES_2025_M1_Q64,2025,PAES Regular 2025 (Admisión 2025),Matemática 1 (M1),113,64,False,39,"En el siguiente tablero de ajedrez, el rey se ubica inicialmente en la casilla e2. El rey puede moverse en cualquier dirección y sentido, una casilla a la vez. Cada uno de estos movimientos se puede representar con una flecha que indica la dirección del movimiento con respecto al tablero anterior, por ejemplo, a la flecha le corresponde el siguiente movimiento: ¿Cuál de las siguientes series de movimientos permite que la pieza quede ubicada en la casilla c7, partiendo de e2?",True,assets/images/2025/PAES_2025_M1_Q64_enunciado.png,assets/images/2025/PAES_2025_M1_Q64_completa.png,,assets/images/2025/PAES_2025_M1_Q64_alt_a.png,,assets/images/2025/PAES_2025_M1_Q64_alt_b.png,,assets/images/2025/PAES_2025_M1_Q64_alt_c.png,,assets/images/2025/PAES_2025_M1_Q64_alt_d.png,C
PAES_2025_M1_Q65,2025,PAES Regular 2025 (Admisión 2025),Matemática 1 (M1),113,65,False,40,"En la figura adjunta, el punto B es el simétrico del punto A con respecto a la recta L, el punto D es el simétrico del punto C con respecto a la recta L y CDB = 50°. ¿Cuánto mide uno de los ángulos formados por las rectas DB y CA?",True,assets/images/2025/PAES_2025_M1_Q65_enunciado.png,assets/images/2025/PAES_2025_M1_Q65_completa.png,40°,,45°,,50°,,80°,,D
PAES_2026_M1_Q01,2026,PAES Regular 2026 (Admisión 2026),Matemática 1 (M1),113,1,False,3,"En un juego hay dos tipos de cartas, unas tienen una estrella y las otras tienen un corazón, todas con un número. El puntaje de cada jugador se calcula de la siguiente forma: • Primero se extrae una carta al azar (carta inicial) y su valor se considera como puntaje inicial. • Luego, se extrae otra carta: ◦ si esta tiene una estrella, le debe restar el valor de la carta a su puntaje; ◦ si esta tiene un corazón, le debe sumar el valor de la carta a su puntaje. • El puntaje final se obtiene al repetir el procedimiento anterior, hasta tener diez cartas. Un jugador extrae las siguientes cartas, en este orden: ¿Cuál es el puntaje final del jugador?",True,assets/images/2026/PAES_2026_M1_Q01_enunciado.png,assets/images/2026/PAES_2026_M1_Q01_completa.png,-14,,-4,,3,,11,,B
PAES_2026_M1_Q02,2026,PAES Regular 2026 (Admisión 2026),Matemática 1 (M1),113,2,False,4,"Para preparar una receta, una persona necesita 700g de carne picada, 1kg de champiñones y 2 cebollas. Para comprar los ingredientes la persona considera los siguientes precios: 100g de carne picada $900 0,5kg de champiñón $3500 1 cebolla $200 ¿Cuánto dinero necesita la persona para comprar los ingredientes para esta receta?",False,,assets/images/2026/PAES_2026_M1_Q02_completa.png,$4600,,$8100,,$10000,,$13700,,D
PAES_2026_M1_Q03,2026,PAES Regular 2026 (Admisión 2026),Matemática 1 (M1),113,3,False,5,"Un auto recorre 5 km para ir de la ciudad A a la ciudad B y recorre 25 km para ir de la ciudad B a la ciudad C. Si este auto rinde 10 kilómetros por litro, es decir, recorre 10km con 1 litro de bencina, ¿cuál es la cantidad de litros de bencina que se necesitan para hacer el recorrido de la ciudad A hasta la ciudad C de ida y vuelta, pasando ambas veces por la ciudad B?",False,,assets/images/2026/PAES_2026_M1_Q03_completa.png,2,,3,,4,,6,,D
PAES_2026_M1_Q04,2026,PAES Regular 2026 (Admisión 2026),Matemática 1 (M1),113,4,False,5,"¿Cuál es el número cuya tercera parte es 0,09?",False,,assets/images/2026/PAES_2026_M1_Q04_completa.png,"2,7",,"0,3",,"0,27",,"0,03",,C
PAES_2026_M1_Q05,2026,PAES Regular 2026 (Admisión 2026),Matemática 1 (M1),113,5,False,6,"Para resolver la expresión -(cid:18)4 · - 8 (cid:19) + (cid:18) 2 + 2 - 4 (cid:19), una persona 6 12 30 60 10 realiza el siguiente procedimiento, cometiendo un error. Paso 1: simplifica una vez por 2 cada fracción de la expresión, obteniendo (cid:18) (cid:19) (cid:18) (cid:19) 2 4 1 1 2 - · - + + -. 3 6 15 30 5 (cid:18) (cid:19) 2 4 Paso 2: desarrolla el primer paréntesis - · -, obteniendo 1. 3 6 (cid:18) (cid:19) 1 1 2 3 Paso 3: desarrolla el segundo paréntesis + -, obteniendo -. 15 30 5 10 3 7 Paso 4: desarrolla 1 -, obteniendo. 10 10 ¿En cuál de los pasos la persona cometió el error?",False,,assets/images/2026/PAES_2026_M1_Q05_completa.png,En el Paso 1,,En el Paso 2,,En el Paso 3,,En el Paso 4,,B
PAES_2026_M1_Q11,2026,PAES Regular 2026 (Admisión 2026),Matemática 1 (M1),113,11,False,7,"La escalera de un edificio tiene 20 peldaños entre piso y piso. La altura de cada uno de estos peldaños es de 15cm. Unapersonaempiezaasubirporlaescaleradeesteedificio,desdeelprimerpeldaño del primer piso. Si n es la cantidad de peldaños que la persona ha subido, ¿cuál de las siguientes condiciones garantiza que la persona llegó a un nuevo piso?",False,,assets/images/2026/PAES_2026_M1_Q11_completa.png,Que 15 · n es divisible por 20.,,Que 15 + n es divisible por 20.,,Que 15 · n es divisible por 300.,,Que 15 + n es divisible por 300.,,C
PAES_2026_M1_Q13,2026,PAES Regular 2026 (Admisión 2026),Matemática 1 (M1),113,13,False,8,"Algunas calculadoras tienen botones que permiten marcar dos ceros o tres ceros a la vez, tal como la que se representa en la imagen adjunta. De esta manera, para marcar el número 1000, basta con presionar los siguientes botones una vez cada uno: ¿Cuál de las siguientes acciones permite marcar el número 1010?",True,assets/images/2026/PAES_2026_M1_Q13_enunciado.png,assets/images/2026/PAES_2026_M1_Q13_completa.png,Presionar una vez y siete veces.,assets/images/2026/PAES_2026_M1_Q13_alt_a.png,Presionar una vez y ocho veces.,assets/images/2026/PAES_2026_M1_Q13_alt_b.png,"Presionar una vez, dos veces y dos veces.",assets/images/2026/PAES_2026_M1_Q13_alt_c.png,"Presionar una vez, tres veces y una vez.",assets/images/2026/PAES_2026_M1_Q13_alt_d.png,C
PAES_2026_M1_Q14,2026,PAES Regular 2026 (Admisión 2026),Matemática 1 (M1),113,14,False,9,"Una persona realiza el siguiente procedimiento para factorizar 12 + 20, cometiendo un error. Paso 1: escribe cada sumando como el producto de dos números, obteniendo 4 · 3 + 4 · 5. Paso 2: descompone cada factor en números primos, obteniendo 2·2·3+2·2·5. Paso 3: escribe las potencias correspondientes, obteniendo 22 · 3 + 22 · 5. Paso 4: factoriza la suma, obteniendo 24(3 + 5). ¿En cuál de los pasos la persona cometió el error?",False,,assets/images/2026/PAES_2026_M1_Q14_completa.png,En el Paso 1,,En el Paso 2,,En el Paso 3,,En el Paso 4,,D
PAES_2026_M1_Q15,2026,PAES Regular 2026 (Admisión 2026),Matemática 1 (M1),113,15,False,10,"Leonardo juega el siguiente juego: Se elige un número y luego se extraen dos tarjetas con operaciones: la primera de un mazo de color blanco y la segunda de un mazo de color gris. La operación de la tarjeta blanca se aplica sobre el número elegido y la operación de la tarjeta gris sobre el resultado obtenido. Leonardo extrae las siguientes tarjetas: Si eligió el número 2, ¿cuál de las siguientes expresiones corresponde a la correcta aplicación de las instrucciones de las tarjetas en el orden en que las sacó?",True,assets/images/2026/PAES_2026_M1_Q15_enunciado.png,assets/images/2026/PAES_2026_M1_Q15_completa.png,(2 - 5)3,,3 · (2 - 5),,3 · (5 - 2),,(5 - 2)3,,A
PAES_2026_M1_Q18,2026,PAES Regular 2026 (Admisión 2026),Matemática 1 (M1),113,18,False,11,"Si p es el 25% de k, ¿cuál de las siguientes expresiones representa el valor de k? 1 · p",False,,assets/images/2026/PAES_2026_M1_Q18_completa.png,25 1 · p,,75 100 · p,,75 100 · p,,25,,D
PAES_2026_M1_Q19,2026,PAES Regular 2026 (Admisión 2026),Matemática 1 (M1),113,19,False,11,¿Cuánto es el 75% del 75% de 100?,False,,assets/images/2026/PAES_2026_M1_Q19_completa.png,5625,,150,,"56,25",,"1,5",,C
PAES_2026_M1_Q22,2026,PAES Regular 2026 (Admisión 2026),Matemática 1 (M1),113,22,False,12,"Se estimó que en el 2022 la cantidad de personas que les gustaba jugar videojuegos era de 3000 millones. Si en el 2023 la cantidad de personas que les gustaba jugar videojuegos aumentó en 120 millones respecto al año anterior, ¿cuál es el porcentaje de aumento de ese año, respecto del año anterior?",False,,assets/images/2026/PAES_2026_M1_Q22_completa.png,"2,5%",,4%,,25%,,40%,,B
PAES_2026_M1_Q23,2026,PAES Regular 2026 (Admisión 2026),Matemática 1 (M1),113,23,False,13,En el siguiente gráfico se presenta la electricidad total generada por diferentes tecnologías en Chile durante 2021. GeneradorasdeChile(2022).Cifrasdestacadasdelsectorgeneraciónen2021. ¿Cuál de las siguientes expresiones corresponde a la electricidad total generada durante 2020? 80155,True,assets/images/2026/PAES_2026_M1_Q23_enunciado.png,assets/images/2026/PAES_2026_M1_Q23_completa.png,"80155 GWh 104,5 80155 · 100",,"80155 · 100 GWh 104,5 80155 · 104,5",,"80155 · 104,5 GWh 100 80155",,"80155 GWh 104,5 · 100",,B
PAES_2026_M1_Q24,2026,PAES Regular 2026 (Admisión 2026),Matemática 1 (M1),113,24,True,14,"Una tienda vendía un producto a $25000. Como no se vendía lo suficiente, la tienda rebajó su precio un 20%. Sin embargo, el precio rebajado no aumentó lo suficiente las ventas, por lo que rebajaron un 25% el precio ya rebajado. ¿Cuál de las siguientes expresiones representa el precio del producto luego de los dos descuentos, en pesos?",False,,assets/images/2026/PAES_2026_M1_Q24_completa.png,"0,2 · 0,25 · 25000",,"(0,2 + 0,25) · 25000",,"0,8 · 0,75 · 25000",,"(0,8 + 0,75) · 25000",,C
PAES_2026_M1_Q25,2026,PAES Regular 2026 (Admisión 2026),Matemática 1 (M1),113,25,False,14,"El sueldo líquido mensual de una persona es de $M. Todos los meses, gasta las tres quintas partes y el resto lo ahorra. Si el sueldo líquido de la persona se mantiene fijo durante doce meses, ¿cuál de las siguientes expresiones representa el ahorro, en pesos, de la persona en ese periodo de tiempo? 2",False,,assets/images/2026/PAES_2026_M1_Q25_completa.png,2M 5 24,,24M 5 36,,36M 5 57,,57M 5,,B
PAES_2026_M1_Q26,2026,PAES Regular 2026 (Admisión 2026),Matemática 1 (M1),113,26,False,15,"El ingreso y la ganancia de una empresa, ambos en pesos, se modelan con respecto a la cantidad de artículos producidos (x) de la siguiente manera: • Ingreso: I(x) = 1000x + 600000 • Ganancia:G(x) = 750x + 450000 Considera que la ganancia al producir x artículos se puede calcular como G(x) = I(x) - C(x), tal que C es la función de costo. ¿Cuál es la función costo de la empresa?",False,,assets/images/2026/PAES_2026_M1_Q26_completa.png,C(x) = 250x + 150000,,C(x) = 250x - 150000,,C(x) = 1750x - 1050000,,C(x) = 1750x + 1050000,,A
PAES_2026_M1_Q27,2026,PAES Regular 2026 (Admisión 2026),Matemática 1 (M1),113,27,True,15,Una pista de baile de forma rectangular tiene dimensiones de (3x + 4) metros de largo y (2x - 9) metros de ancho. Se cuenta con (20x + 20) metros de una cinta luminosa para demarcar el borde de la pista de baile. ¿Cuántos metros de cinta luminosa sobran luego de demarcar el borde de la pista?,False,,assets/images/2026/PAES_2026_M1_Q27_completa.png,(10x + 30) metros,,(10x + 10) metros,,(15x + 15) metros,,(15x + 25) metros,,A
PAES_2026_M1_Q28,2026,PAES Regular 2026 (Admisión 2026),Matemática 1 (M1),113,28,False,16,"Una persona descubrió que para lograr el color que le gusta para el glaseado de galletas, debe mezclar gotas del colorante rojo con gotas del colorante amarillo en la razón 3: 5, respectivamente. Si la persona usa 30 gotas de colorante amarillo para preparar el glaseado que le gusta,¿cuántasgotasdecolorrojodeberáagregarparaobtenerelcolorquelegusta?",False,,assets/images/2026/PAES_2026_M1_Q28_completa.png,18,,28,,30,,32,,A
PAES_2026_M1_Q30,2026,PAES Regular 2026 (Admisión 2026),Matemática 1 (M1),113,30,False,17,"Para cierta marca de alimentos, la cantidad p de kilogramos de comida que debe comer un perro adulto, durante el día, se modela mediante la expresión p = m · 0,025, tal que m es la masa del perro, en kilogramos. ¿Cómo se puede interpretar 0,025 en el modelo anterior?",False,,assets/images/2026/PAES_2026_M1_Q30_completa.png,Que el perro adulto debe consumir 25 gramos de alimento por cada kilogramo de su masa.,,Que el perro adulto debe consumir 250 gramos de alimento por cada kilogramo de su masa.,,Que la masa de un perro adulto es 25 veces la cantidad de alimento que debe consumir.,,Que la masa de un perro adulto es 250 veces la cantidad de alimento que debe consumir.,,A
PAES_2026_M1_Q31,2026,PAES Regular 2026 (Admisión 2026),Matemática 1 (M1),113,31,False,17,"En la información nutricional de un paquete de galletas se indica que una porción de 4 galletas contiene 180 kilocalorías. Para calcular cuántas kilocalorías K se ingieren al consumir este tipo de galletas se 180x puedeutilizarlafórmulaK =,talquexeslacantidaddegalletasconsumidas. 4 Una persona consumió una cantidad de galletas de este tipo junto a un vaso de jugo que contiene 90 kilocalorías, ingiriendo en total 405 kilocalorías. ¿Cuántas galletas consumió esta persona?",False,,assets/images/2026/PAES_2026_M1_Q31_completa.png,2,,7,,9,,11,,B
PAES_2026_M1_Q32,2026,PAES Regular 2026 (Admisión 2026),Matemática 1 (M1),113,32,False,18,"Daniela, con el dinero que tiene, compra en un bazar 7 lápices pasta del mismo tipo y le sobran $900. En el mismo bazar, Marcos, con el dinero que tiene, compra 6 lápices pasta del mismo tipo que Daniela y le sobran $2330. Si Daniela y Marcos tienen la misma cantidad de dinero, ¿cuál es el precio de un lápiz pasta del mismo tipo?",False,,assets/images/2026/PAES_2026_M1_Q32_completa.png,$110,,$248,,$1430,,$3230,,C
PAES_2026_M1_Q33,2026,PAES Regular 2026 (Admisión 2026),Matemática 1 (M1),113,33,False,18,"En una ciudad se registró la cantidad de nacimientos desde el año 2019 al año 2021. Al relacionar estas cantidades con la cantidad x (en miles) de nacimientos del año 2018, se encontraron las siguientes relaciones: Año Cantidad de nacimientos (en miles) 2019 5x + 4 2020 3x + 5 2021 2 - x Si en esta ciudad, durante el año 2019 hubo una cantidad menor de nacimientos que la suma de los años 2020 y 2021, ¿cuál de las siguientes relaciones representa la información entregada?",False,,assets/images/2026/PAES_2026_M1_Q33_completa.png,5x + 4 < 2x + 7,,5x + 4 < 4x + 7,,5x + 4 > 2x + 7,,5x + 4 > 4x + 7,,A
PAES_2026_M1_Q34,2026,PAES Regular 2026 (Admisión 2026),Matemática 1 (M1),113,34,False,19,"Dosjóvenesquiereniniciarunemprendimientodefabricaciónyventadehelados.Las proyeccionesdelosgastosydelosingresos,ambosacumulados,quedeberíantener en los primeros 12 meses, se presentan en el siguiente gráfico: ¿Qué representa el punto donde las rectas se intersecan?",True,assets/images/2026/PAES_2026_M1_Q34_enunciado.png,assets/images/2026/PAES_2026_M1_Q34_completa.png,Es el mes donde se obtiene la mayor cantidad de ingresos acumulados.,,Es el mes donde los ingresos acumulados igualan a los gastos acumulados.,,Es el mes desde cuando el emprendimiento no tendrá más gastos acumulados.,,Es el mes donde los ingresos acumulados son iguales a los gastos iniciales del emprendimiento.,,B
PAES_2026_M1_Q35,2026,PAES Regular 2026 (Admisión 2026),Matemática 1 (M1),113,35,False,20,"Una persona gasta $13500 en la compra de 8kg de fruta entre manzanas y peras, pagando $1500 por el kilogramo de manzanas y $1800 por el kilogramo de peras. El siguiente sistema de ecuaciones modela la situación anterior: 1500x + 1800y = 13500 x + y = 8 ¿Qué representa la variable x en este sistema?",False,,assets/images/2026/PAES_2026_M1_Q35_completa.png,La cantidad de peras compradas,,La cantidad de manzanas compradas,,La cantidad de kilogramos de peras compradas,,La cantidad de kilogramos de manzanas compradas,,D
PAES_2026_M1_Q40,2026,PAES Regular 2026 (Admisión 2026),Matemática 1 (M1),113,40,False,21,"Un estanque contiene 720 litros de agua y, cada vez que se abre la llave, este se vacía a razón de 3 litros por minuto. ¿Cuál de las siguientes funciones modela la cantidad de agua que queda en el estanque por cada minuto que la llave se encuentra abierta, tal que x son los minutos transcurridos desde que se abre la llave?",False,,assets/images/2026/PAES_2026_M1_Q40_completa.png,f(x) = -3x + 720,,g(x) = 3x - 720 x - 720,,p(x) = x - 720 3 -x + 720,,h(x) = -x + 720 3,,A
PAES_2026_M1_Q41,2026,PAES Regular 2026 (Admisión 2026),Matemática 1 (M1),113,41,False,21,Una persona dispone de un terreno de forma rectangular. Se sabe que el terreno tiene un área de 192m2 y que su ancho mide 4m menos que su largo. ¿Cuánto mide el largo del terreno?,False,,assets/images/2026/PAES_2026_M1_Q41_completa.png,12m,,16m,,20m,,24m,,B
PAES_2026_M1_Q42,2026,PAES Regular 2026 (Admisión 2026),Matemática 1 (M1),113,42,True,22,Considera la función cuadrática f con dominio el conjunto de los números reales. En la siguiente figura se representa la gráfica de f con su eje de simetría. Y 7 1 5 X ¿Para cuál de los siguientes valores de x se tiene que f(x) = 7?,True,assets/images/2026/PAES_2026_M1_Q42_enunciado.png,assets/images/2026/PAES_2026_M1_Q42_completa.png,4,,-3,,-4,,-5,,B
PAES_2026_M1_Q43,2026,PAES Regular 2026 (Admisión 2026),Matemática 1 (M1),113,43,True,22,"La distancia d, en metros, que recorre un móvil que parte del reposo está dada t2 por d(t) = a ·, tal que t es el tiempo que demora en recorrer esa distancia, en 2 m segundos, y a es la aceleración del móvil, en. s2 m Si el móvil acelera a 10, ¿cuántos segundos tardará en recorrer una distancia de s2 45 metros?",False,,assets/images/2026/PAES_2026_M1_Q43_completa.png,3,,"4,5 √",,√45,,9,,A
PAES_2026_M1_Q45,2026,PAES Regular 2026 (Admisión 2026),Matemática 1 (M1),113,45,False,23,"En la figura adjunta se representa un trapecio rectángulo de área 0,76m2. ¿Cuál es la medida de su altura?",True,assets/images/2026/PAES_2026_M1_Q45_enunciado.png,assets/images/2026/PAES_2026_M1_Q45_completa.png,"1,444m",,"0,80m",,"0,722m",,"0,40m",,B
PAES_2026_M1_Q47,2026,PAES Regular 2026 (Admisión 2026),Matemática 1 (M1),113,47,False,24,En la siguiente imagen se presenta una red de un cubo. Se construye el siguiente cuerpo usando algunos cubos como el anterior. ¿Cuántos cubos se utilizaron en total para construir el cuerpo anterior?,True,assets/images/2026/PAES_2026_M1_Q47_enunciado.png,assets/images/2026/PAES_2026_M1_Q47_completa.png,6,,7,,8,,9,,B
PAES_2026_M1_Q48,2026,PAES Regular 2026 (Admisión 2026),Matemática 1 (M1),113,48,False,25,"Una empresa fabrica y vende cajas cúbicas de madera fina para almacenar joyas. El precio de venta de las cajas se determina como $800 · k, tal que se cobra $800 por cada cm2 del área exterior de las cajas. Considera que el área de una cara exterior de estas cajas es de 25cm2. ¿Cuál de las siguientes expresiones representa k?",False,,assets/images/2026/PAES_2026_M1_Q48_completa.png,6 · 52,,6 · 54,,6 · 56,,6 · 512,,A
PAES_2026_M1_Q49,2026,PAES Regular 2026 (Admisión 2026),Matemática 1 (M1),113,49,False,26,Considera el siguiente procedimiento: ¿Cuál de las siguientes figuras se obtendrá al desdoblarse y estirarse el recorte?,True,assets/images/2026/PAES_2026_M1_Q49_enunciado.png,assets/images/2026/PAES_2026_M1_Q49_completa.png,,assets/images/2026/PAES_2026_M1_Q49_alt_a.png,,assets/images/2026/PAES_2026_M1_Q49_alt_b.png,,assets/images/2026/PAES_2026_M1_Q49_alt_c.png,,assets/images/2026/PAES_2026_M1_Q49_alt_d.png,B
PAES_2026_M1_Q50,2026,PAES Regular 2026 (Admisión 2026),Matemática 1 (M1),113,50,False,27,En el plano cartesiano de la figura adjunta se representan los puntos cardinales. ¿En cuál de las siguientes opciones las transformaciones isométricas aplicadas a la flecha negra permite que la imagen obtenida sea una flecha que apunta al oeste?,True,assets/images/2026/PAES_2026_M1_Q50_enunciado.png,assets/images/2026/PAES_2026_M1_Q50_completa.png,"Una reflexión con respecto al eje X y luego, una reflexión con respecto a la recta y = x.",,"Una reflexión con respecto al origen del plano cartesiano y luego, una rotación en 45◦ en sentido horario con centro el origen del plano cartesiano.",,Una reflexión con respecto al eje Y.,,"Una traslación según el vector (-3, -3).",,B
PAES_2026_M1_Q51,2026,PAES Regular 2026 (Admisión 2026),Matemática 1 (M1),113,51,False,28,"Considera los vectores representados en el plano cartesiano. Y 5 → v 3 → u 1 -5 -2 2 5 X ¿Cuál de las siguientes afirmaciones es verdadera, respecto a los vectores del gráfico?",True,assets/images/2026/PAES_2026_M1_Q51_enunciado.png,assets/images/2026/PAES_2026_M1_Q51_completa.png,Tienen distinta dirección.,,Tienen distinto sentido.,,Tienen distinta magnitud.,,Están en el semieje positivo del eje X.,,B
PAES_2026_M1_Q52,2026,PAES Regular 2026 (Admisión 2026),Matemática 1 (M1),113,52,False,29,"En la cuadrícula de la figura se representa el plano de un videojuego. En ella se ubica un tesoro y los pies de una persona, ambos al centro de las casillas. ¿Cuál de los siguientes vectores lleva a la persona sobre la casilla del tesoro?",True,assets/images/2026/PAES_2026_M1_Q52_enunciado.png,assets/images/2026/PAES_2026_M1_Q52_completa.png,"(8,-4)",,"(-4,2)",,"(10,-6)",,"(2,-2)",,A
PAES_2026_M1_Q53,2026,PAES Regular 2026 (Admisión 2026),Matemática 1 (M1),113,53,False,30,"Un tipo de migración exterior corresponde al cambio de residencia hacia un país diferente, por ejemplo, la migración desde Chile hacia España. A aquellas personas migrantes que llegan a habitar un país son considerados inmigrantes, mientras que a aquellas personas que abandonan un país, se les considera emigrantes. En el siguiente gráfico se presenta información de las migraciones exteriores en España desde el 2011 hasta el 2021. AdaptadadeIndicadoresdemográficosbásicos.INE.(2021).Evolucióndelasmigracionesinteriores(2008-2021). (ReproducidoenAtlasNacionaldeEspaña,porInstitutoGeográficoNacional(IGN)). ¿En qué año hubo mayor cantidad de migrantes exteriores en España?",True,assets/images/2026/PAES_2026_M1_Q53_enunciado.png,assets/images/2026/PAES_2026_M1_Q53_completa.png,2013,,2015,,2018,,2019,,D
PAES_2026_M1_Q54,2026,PAES Regular 2026 (Admisión 2026),Matemática 1 (M1),113,54,False,31,"El encargado del personal de una empresa extrae de la ficha de contratación las edades de las personas que trabajan en esta empresa. Luego, resume la distribución de las edades en la siguiente tabla: Edad en años Cantidad 18 - 24 5 25 - 34 7 35 - 44 14 45 - 54 11 55 o más 13 La empresa dará un beneficio educacional según la información de la tabla a los trabajadores cuya edad no supere los 34 años. ¿Cuál es la mayor cantidad de trabajadores que podría acceder a ese beneficio?",True,assets/images/2026/PAES_2026_M1_Q54_enunciado.png,assets/images/2026/PAES_2026_M1_Q54_completa.png,6,,7,,9,,12,,D
PAES_2026_M1_Q55,2026,PAES Regular 2026 (Admisión 2026),Matemática 1 (M1),113,55,False,32,"Una persona está jugando un nuevo juego en línea en el cual se pueden escoger distintos personajes. Cada personaje tiene cinco habilidades, con un puntaje de 0 a 100 en cada habilidad. En el siguiente diagrama se representan las habilidades de uno de los personajes. ¿Cuál es la habilidad más débil de este personaje?",True,assets/images/2026/PAES_2026_M1_Q55_enunciado.png,assets/images/2026/PAES_2026_M1_Q55_completa.png,Fuerza mágica,,Defensa mágica,,Defensa física,,Fuerza física,,B
PAES_2026_M1_Q56,2026,PAES Regular 2026 (Admisión 2026),Matemática 1 (M1),113,56,False,33,"◦ Se realizó una encuesta a los estudiantes de IV medio de un establecimiento educacional, sobre la cantidad de años que llevan en dicho establecimiento. En la siguiente tabla se presentan los datos de dicha encuesta. Cantidad de Cantidad de años estudiantes 1 24 2 15 3 12 4 8 5 12 6 29 7 14 8 9 9 o más 16 ¿Cuántos estudiantes encuestados llevan 5 años o más en el establecimiento educacional?",True,assets/images/2026/PAES_2026_M1_Q56_enunciado.png,assets/images/2026/PAES_2026_M1_Q56_completa.png,12,,35,,68,,80,,D
PAES_2026_M1_Q57,2026,PAES Regular 2026 (Admisión 2026),Matemática 1 (M1),113,57,False,34,"Según la Encuesta Nacional de Empleos se considera como “ocupado” a aquellas personas, en edad de trabajar, que durante la semana de referencia dedicaron al menos una hora para producir bienes o servicios a cambio de una remuneración o beneficio. Considera la siguiente información: ¿Cuál de las siguientes representaciones gráficas corresponde a la información entregada?",True,assets/images/2026/PAES_2026_M1_Q57_enunciado.png,assets/images/2026/PAES_2026_M1_Q57_completa.png,,assets/images/2026/PAES_2026_M1_Q57_alt_a.png,,assets/images/2026/PAES_2026_M1_Q57_alt_b.png,,assets/images/2026/PAES_2026_M1_Q57_alt_c.png,,assets/images/2026/PAES_2026_M1_Q57_alt_d.png,D
PAES_2026_M1_Q59,2026,PAES Regular 2026 (Admisión 2026),Matemática 1 (M1),113,59,False,35,Considera la siguiente tabla: Valor Frecuencia 0 P 1 Q 2 R ¿Cuál de las siguientes expresiones permite determinar el promedio de los valores? P + Q + 2 · R,True,assets/images/2026/PAES_2026_M1_Q59_enunciado.png,assets/images/2026/PAES_2026_M1_Q59_completa.png,P + Q + 2 · R A) P + Q + R R,,P + Q + R 0 · P + 1 · Q + 2 · R,,0 · P + 1 · Q + 2 · R C) P + Q + R 2 · R,,P + Q + R,,C
PAES_2026_M1_Q60,2026,PAES Regular 2026 (Admisión 2026),Matemática 1 (M1),113,60,False,36,"Unapersonaplantóunbrotededoscentímetrosylofotografiódurantecincosemanas para dejar registro de su crecimiento, tal como se representa a continuación: ¿Cuántos centímetros, en promedio, creció el brote por semana?",True,assets/images/2026/PAES_2026_M1_Q60_enunciado.png,assets/images/2026/PAES_2026_M1_Q60_completa.png,2 cm,,"2,4 cm",,3 cm,,"7,5 cm",,B
PAES_2026_M1_Q61,2026,PAES Regular 2026 (Admisión 2026),Matemática 1 (M1),113,61,False,37,En el siguiente gráfico se representa la distribución de la cantidad de horas extras realizadas por 140 trabajadores durante el mes de mayor demanda productiva de una empresa. Por cada hora extra se paga $15000. ¿Cuál fue el pago más frecuente que realizó la empresa por concepto de horas extras en ese mes?,True,assets/images/2026/PAES_2026_M1_Q61_enunciado.png,assets/images/2026/PAES_2026_M1_Q61_completa.png,$15000,,$30000,,$45000,,$60000,,A
PAES_2026_M1_Q62,2026,PAES Regular 2026 (Admisión 2026),Matemática 1 (M1),113,62,False,38,"Considera el experimento descrito en la siguiente infografía para calcular el tiempo de reacción, en segundos, de una persona. Ciencianet.(2008).Descubretutiempodereacción.(ReproducidodeMidetureacción,porC.Torres,enEdumatePerú). Unapersonaefectuóelexperimentoyenelpasocuatroanotólossiguientesnúmeros: 10cm 9cm 15cm 8cm 18cm ¿Cuál es el tiempo de reacción de la persona?",True,assets/images/2026/PAES_2026_M1_Q62_enunciado.png,assets/images/2026/PAES_2026_M1_Q62_completa.png,"0,10s",,"0,14s",,"0,16s",,"0,17s",,C
PAES_2026_M1_Q64,2026,PAES Regular 2026 (Admisión 2026),Matemática 1 (M1),113,64,False,39,"El memorice es un juego que está compuesto por varias tarjetas. Cada una de estas tiene una figura que está repetida una sola vez en otra tarjeta, de tal manera que se forman pares de cada una de estas figuras. Para jugar, las tarjetas se deben disponer sobre una superficie de manera que ninguna de las figuras de las tarjetas sea visible. Luego, la persona que juega debe voltear una tarjeta y, después, debe dar vuelta una segunda tarjeta con la finalidad de encontrar el par de la primera. Unapersonadisponesobrelamesa20tarjetasdeestejuegoyvolteaporprimeravez una de las tarjetas, en la cual aparece un rayo, tal como se presenta en la siguiente imagen. Si esta persona no conoce la figura de ninguna de las otras tarjetas dispuestas, ¿cuál es la probabilidad de que esta persona encuentre el segundo rayo al dar vuelta al azar la segunda tarjeta? 1",True,assets/images/2026/PAES_2026_M1_Q64_enunciado.png,assets/images/2026/PAES_2026_M1_Q64_completa.png,20 1,,19 2,,20 2,,19,,B
